email,firstname,lastname,username,password,Sex,Age,,year,month,day,birth_date
braund@gmail.com,Braund,Owen,braund_owen,owen123,male,22,,2001,5,11,5/11/2001
cumings@gmail.com,Cumings,John,cumings_john,john123,female,38,,1985,6,23,6/23/1985
heikkinen@gmail.com,Heikkinen,Laina,heikkinen_laina,laina123,female,26,,1997,5,8,5/8/1997
futrelle@gmail.com,Futrelle,Jacques,futrelle_jacques1,jacques123,female,35,,1988,2,24,2/24/1988
allen@gmail.com,Allen,William,allen_william,william123,male,35,,1988,8,7,8/7/1988
moran@gmail.com,Moran,James,moran_james,james123,male,21,,2002,1,21,1/21/2002
mccarthy@gmail.com,McCarthy,Timothy,mccarthy_timothy,timothy123,male,54,,1969,12,7,12/7/1969
palsson@gmail.com,Palsson,Gosta,palsson_gosta,gosta123,male,7,,2016,7,2,7/2/2016
johnson@gmail.com,Johnson,Oscar,johnson_oscar,oscar123,female,27,,1996,4,16,4/16/1996
nasser@gmail.com,Nasser,Nicholas,nasser_nicholas1,nicholas123,female,14,,2009,8,7,8/7/2009
sandstrom@gmail.com,Sandstrom,Marguerite,sandstrom_marguerite,marguerite123,female,9,,2014,10,3,10/3/2014
bonnell@gmail.com,Bonnell,Elizabeth,bonnell_elizabeth,elizabeth123,female,58,,1965,6,16,6/16/1965
saundercock@gmail.com,Saundercock,William,saundercock_william,william123,male,20,,2003,3,18,3/18/2003
andersson@gmail.com,Andersson,Anders,andersson_anders1,anders123,male,39,,1984,5,26,5/26/1984
vestrom@gmail.com,Vestrom,Hulda,vestrom_hulda,hulda123,female,14,,2009,3,17,3/17/2009
hewlett@gmail.com,Hewlett,Mary,hewlett_mary,mary123,female,55,,1968,8,26,8/26/1968
rice@gmail.com,Rice,Eugene,rice_eugene,eugene123,male,7,,2016,9,21,9/21/2016
williams@gmail.com,Williams,Charles,williams_charles1,charles123,male,12,,2011,12,13,12/13/2011
vander planke@gmail.com,Vander Planke,Julius,vander planke_julius,julius123,female,31,,1992,3,23,3/23/1992
masselmani@gmail.com,Masselmani,Fatima,masselmani_fatima,fatima123,female,32,,1991,11,23,11/23/1991
fynney@gmail.com,Fynney,Joseph,fynney_joseph,joseph123,male,35,,1988,6,20,6/20/1988
beesley@gmail.com,Beesley,Lawrence,beesley_lawrence,lawrence123,male,34,,1989,7,28,7/28/1989
mcgowan@gmail.com,McGowan,Anna,mcgowan_anna,anna123,female,15,,2008,11,26,11/26/2008
sloper@gmail.com,Sloper,William,sloper_william,william123,male,28,,1995,7,4,7/4/1995
palsson@gmail.com,Palsson,Torborg,palsson_torborg,torborg123,female,8,,2015,2,16,2/16/2015
asplund@gmail.com,Asplund,Carl,asplund_carl,carl123,female,38,,1985,6,7,6/7/1985
emir@gmail.com,Emir,Farred,emir_farred,farred123,male,20,,2003,5,18,5/18/2003
fortune@gmail.com,Fortune,Charles,fortune_charles,charles123,male,19,,2004,12,26,12/26/2004
o'dwyer@gmail.com,O'Dwyer,Ellen,o'dwyer_ellen,ellen123,female,8,,2015,9,8,9/8/2015
todoroff@gmail.com,Todoroff,Lalio,todoroff_lalio,lalio123,male,29,,1994,12,22,12/22/1994
uruchurtu@gmail.com,Uruchurtu,Manuel,uruchurtu_manuel,manuel123,male,40,,1983,12,12,12/12/1983
spencer@gmail.com,Spencer,William,spencer_william,william123,female,12,,2011,5,24,5/24/2011
glynn@gmail.com,Glynn,Mary,glynn_mary,mary123,female,14,,2009,2,19,2/19/2009
wheadon@gmail.com,Wheadon,Edward,wheadon_edward,edward123,male,66,,1957,7,5,7/5/1957
meyer@gmail.com,Meyer,Edgar,meyer_edgar1,edgar123,male,28,,1995,3,13,3/13/1995
holverson@gmail.com,Holverson,Alexander,holverson_alexander1,alexander123,male,42,,1981,5,9,5/9/1981
mamee@gmail.com,Mamee,Hanna,mamee_hanna,hanna123,male,18,,2005,5,15,5/15/2005
cann@gmail.com,Cann,Ernest,cann_ernest,ernest123,male,21,,2002,5,21,5/21/2002
vander planke@gmail.com,Vander Planke,Augusta,vander planke_augusta,augusta123,female,18,,2005,7,28,7/28/2005
nicola-yarred@gmail.com,Nicola-Yarred,Miss,nicola-yarred_miss,miss123,female,14,,2009,7,17,7/17/2009
ahlin@gmail.com,Ahlin,Johan,ahlin_johan,johan123,female,40,,1983,7,3,7/3/1983
turpin@gmail.com,Turpin,William,turpin_william1,william123,female,27,,1996,10,18,10/18/1996
kraeff@gmail.com,Kraeff,Theodor,kraeff_theodor,theodor123,male,37,,1986,5,2,5/2/1986
laroche@gmail.com,Laroche,Simonne,laroche_simonne,simonne123,female,8,,2015,7,26,7/26/2015
devaney@gmail.com,Devaney,Margaret,devaney_margaret,margaret123,female,19,,2004,10,11,10/11/2004
rogers@gmail.com,Rogers,William,rogers_william,william123,male,39,,1984,8,11,8/11/1984
lennon@gmail.com,Lennon,Denis,lennon_denis,denis123,male,5,,2018,12,25,12/25/2018
o'driscoll@gmail.com,O'Driscoll,Bridget,o'driscoll_bridget,bridget123,female,12,,2011,3,8,3/8/2011
samaan@gmail.com,Samaan,Youssef,samaan_youssef,youssef123,male,33,,1990,11,11,11/11/1990
arnold-franchi@gmail.com,Arnold-Franchi,Josef,arnold-franchi_josef,josef123,female,18,,2005,1,10,1/10/2005
panula@gmail.com,Panula,Juha,panula_juha,juha123,male,7,,2016,10,8,10/8/2016
nosworthy@gmail.com,Nosworthy,Richard,nosworthy_richard,richard123,male,21,,2002,8,17,8/17/2002
harper@gmail.com,Harper,Henry,harper_henry,henry123,female,49,,1974,8,7,8/7/1974
faunthorpe@gmail.com,Faunthorpe,Lizzie,faunthorpe_lizzie,lizzie123,female,29,,1994,3,3,3/3/1994
ostby@gmail.com,Ostby,Engelhart,ostby_engelhart,engelhart123,male,65,,1958,7,4,7/4/1958
woolner@gmail.com,Woolner,Hugh,woolner_hugh,hugh123,male,36,,1987,7,17,7/17/1987
rugg@gmail.com,Rugg,Emily,rugg_emily,emily123,female,21,,2002,10,23,10/23/2002
novel@gmail.com,Novel,Mansouer,novel_mansouer,mansouer123,male,28,,1995,8,14,8/14/1995
west@gmail.com,West,Constance,west_constance,constance123,female,5,,2018,11,22,11/22/2018
goodwin@gmail.com,Goodwin,William,goodwin_william,william123,male,11,,2012,11,4,11/4/2012
sirayanian@gmail.com,Sirayanian,Orsen,sirayanian_orsen,orsen123,male,22,,2001,12,4,12/4/2001
icard@gmail.com,Icard,Amelie,icard_amelie,amelie123,female,38,,1985,11,5,11/5/1985
harris@gmail.com,Harris,Henry,harris_henry1,henry123,male,45,,1978,12,21,12/21/1978
skoog@gmail.com,Skoog,Harald,skoog_harald,harald123,male,9,,2014,7,28,7/28/2014
stewart@gmail.com,Stewart,Albert,stewart_albert,albert123,male,36,,1987,11,16,11/16/1987
moubarek@gmail.com,Moubarek,Gerios,moubarek_gerios,gerios123,male,14,,2009,8,22,8/22/2009
nye@gmail.com,Nye,Elizabeth,nye_elizabeth,elizabeth123,female,29,,1994,2,19,2/19/1994
crease@gmail.com,Crease,Ernest,crease_ernest,ernest123,male,19,,2004,4,1,4/1/2004
andersson@gmail.com,Andersson,Erna,andersson_erna,erna123,female,17,,2006,6,2,6/2/2006
kink@gmail.com,Kink,Vincenz,kink_vincenz,vincenz123,male,26,,1997,3,25,3/25/1997
jenkin@gmail.com,Jenkin,Stephen,jenkin_stephen,stephen123,male,32,,1991,2,18,2/18/1991
goodwin@gmail.com,Goodwin,Lillian,goodwin_lillian,lillian123,female,16,,2007,10,23,10/23/2007
hood@gmail.com,Hood,Ambrose,hood_ambrose,ambrose123,male,21,,2002,12,12,12/12/2002
chronopoulos@gmail.com,Chronopoulos,Apostolos,chronopoulos_apostolos,apostolos123,male,26,,1997,8,1,8/1/1997
bing@gmail.com,Bing,Lee,bing_lee,lee123,male,32,,1991,1,4,1/4/1991
moen@gmail.com,Moen,Sigurd,moen_sigurd,sigurd123,male,25,,1998,6,5,6/5/1998
staneff@gmail.com,Staneff,Ivan,staneff_ivan,ivan123,male,10,,2013,1,20,1/20/2013
moutal@gmail.com,Moutal,Rahamin,moutal_rahamin,rahamin123,male,14,,2009,9,14,9/14/2009
caldwell@gmail.com,Caldwell,Alden,caldwell_alden,alden123,male,83,,1940,9,7,9/7/1940
dowdell@gmail.com,Dowdell,Elizabeth,dowdell_elizabeth,elizabeth123,female,30,,1993,11,10,11/10/1993
waelens@gmail.com,Waelens,Achille,waelens_achille,achille123,male,22,,2001,8,26,8/26/2001
sheerlinck@gmail.com,Sheerlinck,Jan,sheerlinck_jan,jan123,male,29,,1994,12,16,12/16/1994
mcdermott@gmail.com,McDermott,Brigdet,mcdermott_brigdet,brigdet123,female,39,,1984,6,6,6/6/1984
carrau@gmail.com,Carrau,Francisco,carrau_francisco,francisco123,male,28,,1995,12,28,12/28/1995
ilett@gmail.com,Ilett,Bertha,ilett_bertha,bertha123,female,17,,2006,3,9,3/9/2006
backstrom@gmail.com,Backstrom,Karl,backstrom_karl1,karl123,female,33,,1990,2,12,2/12/1990
ford@gmail.com,Ford,William,ford_william,william123,male,16,,2007,12,12,12/12/2007
slocovski@gmail.com,Slocovski,Selman,slocovski_selman,selman123,male,35,,1988,4,12,4/12/1988
fortune@gmail.com,Fortune,Mabel,fortune_mabel,mabel123,female,23,,2000,11,6,11/6/2000
celotti@gmail.com,Celotti,Francesco,celotti_francesco,francesco123,male,24,,1999,11,26,11/26/1999
christmann@gmail.com,Christmann,Emil,christmann_emil,emil123,male,29,,1994,5,17,5/17/1994
andreasson@gmail.com,Andreasson,Paul,andreasson_paul,paul123,male,20,,2003,12,3,12/3/2003
chaffee@gmail.com,Chaffee,Herbert,chaffee_herbert,herbert123,male,46,,1977,7,8,7/8/1977
dean@gmail.com,Dean,Bertram,dean_bertram,bertram123,male,26,,1997,10,20,10/20/1997
coxon@gmail.com,Coxon,Daniel,coxon_daniel,daniel123,male,59,,1964,10,28,10/28/1964
shorney@gmail.com,Shorney,Charles,shorney_charles,charles123,male,26,,1997,6,4,6/4/1997
goldschmidt@gmail.com,Goldschmidt,George,goldschmidt_george,george123,male,71,,1952,10,5,10/5/1952
greenfield@gmail.com,Greenfield,William,greenfield_william,william123,male,23,,2000,6,14,6/14/2000
doling@gmail.com,Doling,John,doling_john,john123,female,34,,1989,4,10,4/10/1989
kantor@gmail.com,Kantor,Sinai,kantor_sinai1,sinai123,male,34,,1989,6,24,6/24/1989
petranec@gmail.com,Petranec,Matilda,petranec_matilda,matilda123,female,28,,1995,5,9,5/9/1995
petroff@gmail.com,Petroff,Pastcho,petroff_pastcho,pastcho123,male,22,,2001,6,17,6/17/2001
white@gmail.com,White,Richard,white_richard,richard123,male,21,,2002,6,6,6/6/2002
johansson@gmail.com,Johansson,Gustaf,johansson_gustaf,gustaf123,male,33,,1990,3,18,3/18/1990
gustafsson@gmail.com,Gustafsson,Anders,gustafsson_anders,anders123,male,37,,1986,12,15,12/15/1986
mionoff@gmail.com,Mionoff,Stoytcho,mionoff_stoytcho,stoytcho123,male,28,,1995,6,17,6/17/1995
salkjelsvik@gmail.com,Salkjelsvik,Anna,salkjelsvik_anna,anna123,female,21,,2002,12,13,12/13/2002
moss@gmail.com,Moss,Albert,moss_albert,albert123,male,39,,1984,2,23,2/23/1984
rekic@gmail.com,Rekic,Tido,rekic_tido,tido123,male,38,,1985,11,18,11/18/1985
moran@gmail.com,Moran,Bertha,moran_bertha,bertha123,female,39,,1984,3,23,3/23/1984
porter@gmail.com,Porter,Walter,porter_walter,walter123,male,47,,1976,5,20,5/20/1976
zabour@gmail.com,Zabour,Hileni,zabour_hileni,hileni123,female,14,,2009,8,16,8/16/2009
barton@gmail.com,Barton,David,barton_david,david123,male,22,,2001,8,15,8/15/2001
jussila@gmail.com,Jussila,Katriina,jussila_katriina,katriina123,female,20,,2003,7,1,7/1/2003
attalah@gmail.com,Attalah,Malake,attalah_malake,malake123,female,17,,2006,10,26,10/26/2006
pekoniemi@gmail.com,Pekoniemi,Edvard,pekoniemi_edvard,edvard123,male,21,,2002,1,25,1/25/2002
connors@gmail.com,Connors,Patrick,connors_patrick,patrick123,male,71,,1952,4,10,4/10/1952
turpin@gmail.com,Turpin,William,turpin_william,william123,male,29,,1994,6,27,6/27/1994
baxter@gmail.com,Baxter,Quigg,baxter_quigg,quigg123,male,24,,1999,8,7,8/7/1999
andersson@gmail.com,Andersson,Ellis,andersson_ellis,ellis123,female,7,,2016,11,2,11/2/2016
hickman@gmail.com,Hickman,Stanley,hickman_stanley,stanley123,male,21,,2002,6,20,6/20/2002
moore@gmail.com,Moore,Leonard,moore_leonard,leonard123,male,29,,1994,4,13,4/13/1994
nasser@gmail.com,Nasser,Nicholas,nasser_nicholas,nicholas123,male,33,,1990,5,24,5/24/1990
webber@gmail.com,Webber,Susan,webber_susan,susan123,female,33,,1990,2,4,2/4/1990
white@gmail.com,White,Percival,white_percival,percival123,male,54,,1969,12,12,12/12/1969
nicola-yarred@gmail.com,Nicola-Yarred,Master,nicola-yarred_master,master123,male,12,,2011,4,16,4/16/2011
mcmahon@gmail.com,McMahon,Martin,mcmahon_martin,martin123,male,21,,2002,6,8,6/8/2002
madsen@gmail.com,Madsen,Fridtjof,madsen_fridtjof,fridtjof123,male,24,,1999,6,11,6/11/1999
peter@gmail.com,Peter,Anna,peter_anna,anna123,female,20,,2003,3,22,3/22/2003
ekstrom@gmail.com,Ekstrom,Johan,ekstrom_johan,johan123,male,45,,1978,2,26,2/26/1978
drazenoic@gmail.com,Drazenoic,Jozef,drazenoic_jozef,jozef123,male,33,,1990,2,21,2/21/1990
coelho@gmail.com,Coelho,Domingos,coelho_domingos,domingos123,male,20,,2003,9,28,9/28/2003
robins@gmail.com,Robins,Alexander,robins_alexander,alexander123,female,47,,1976,9,27,9/27/1976
weisz@gmail.com,Weisz,Leopold,weisz_leopold,leopold123,female,29,,1994,3,25,3/25/1994
sobey@gmail.com,Sobey,Samuel,sobey_samuel,samuel123,male,25,,1998,7,24,7/24/1998
richard@gmail.com,Richard,Emile,richard_emile,emile123,male,23,,2000,1,19,1/19/2000
newsom@gmail.com,Newsom,Helen,newsom_helen,helen123,female,19,,2004,3,28,3/28/2004
futrelle@gmail.com,Futrelle,Jacques,futrelle_jacques,jacques123,male,37,,1986,9,23,9/23/1986
osen@gmail.com,Osen,Olaf,osen_olaf,olaf123,male,16,,2007,1,19,1/19/2007
giglio@gmail.com,Giglio,Victor,giglio_victor,victor123,male,24,,1999,7,11,7/11/1999
boulos@gmail.com,Boulos,Joseph,boulos_joseph,joseph123,female,31,,1992,4,2,4/2/1992
nysten@gmail.com,Nysten,Anna,nysten_anna,anna123,female,22,,2001,1,10,1/10/2001
hakkarainen@gmail.com,Hakkarainen,Pekka,hakkarainen_pekka1,pekka123,female,24,,1999,10,26,10/26/1999
burke@gmail.com,Burke,Jeremiah,burke_jeremiah,jeremiah123,male,19,,2004,10,13,10/13/2004
andrew@gmail.com,Andrew,Edgardo,andrew_edgardo,edgardo123,male,18,,2005,9,24,9/24/2005
nicholls@gmail.com,Nicholls,Joseph,nicholls_joseph,joseph123,male,19,,2004,2,8,2/8/2004
andersson@gmail.com,Andersson,August,andersson_august,august123,male,27,,1996,10,24,10/24/1996
ford@gmail.com,Ford,Robina,ford_robina,robina123,female,9,,2014,6,19,6/19/2014
navratil@gmail.com,Navratil,Michel,navratil_michel1,michel123,male,37,,1986,7,18,7/18/1986
byles@gmail.com,Byles,Thomas,byles_thomas,thomas123,male,42,,1981,4,6,4/6/1981
bateman@gmail.com,Bateman,Robert,bateman_robert,robert123,male,51,,1972,6,25,6/25/1972
pears@gmail.com,Pears,Thomas,pears_thomas1,thomas123,female,22,,2001,12,27,12/27/2001
meo@gmail.com,Meo,Alfonzo,meo_alfonzo,alfonzo123,male,56,,1967,9,22,9/22/1967
van billiard@gmail.com,van Billiard,Austin,van billiard_austin,austin123,male,41,,1982,7,26,7/26/1982
olsen@gmail.com,Olsen,Ole,olsen_ole,ole123,male,30,,1993,10,8,10/8/1993
williams@gmail.com,Williams,Charles,williams_charles,charles123,male,51,,1972,11,28,11/28/1972
gilnagh@gmail.com,Gilnagh,Katherine,gilnagh_katherine,katherine123,female,16,,2007,11,13,11/13/2007
corn@gmail.com,Corn,Harry,corn_harry,harry123,male,30,,1993,1,6,1/6/1993
smiljanic@gmail.com,Smiljanic,Mile,smiljanic_mile,mile123,male,20,,2003,10,12,10/12/2003
sage@gmail.com,Sage,Thomas,sage_thomas,thomas123,male,39,,1984,9,22,9/22/1984
cribb@gmail.com,Cribb,John,cribb_john,john123,male,44,,1979,9,19,9/19/1979
watt@gmail.com,Watt,James,watt_james,james123,female,40,,1983,5,12,5/12/1983
bengtsson@gmail.com,Bengtsson,John,bengtsson_john,john123,male,26,,1997,10,15,10/15/1997
calic@gmail.com,Calic,Jovo,calic_jovo,jovo123,male,17,,2006,8,14,8/14/2006
panula@gmail.com,Panula,Eino,panula_eino,eino123,male,6,,2017,5,15,5/15/2017
goldsmith@gmail.com,Goldsmith,Frank,goldsmith_frank1,frank123,male,9,,2014,8,1,8/1/2014
chibnall@gmail.com,Chibnall,Edith,chibnall_edith,edith123,female,34,,1989,4,24,4/24/1989
skoog@gmail.com,Skoog,William,skoog_william,william123,female,45,,1978,3,8,3/8/1978
baumann@gmail.com,Baumann,John,baumann_john,john123,male,17,,2006,9,19,9/19/2006
ling@gmail.com,Ling,Lee,ling_lee,lee123,male,28,,1995,9,14,9/14/1995
van der hoef@gmail.com,Van der hoef,Mr,van der hoef_mr,mr123,male,61,,1962,3,1,3/1/1962
rice@gmail.com,Rice,Arthur,rice_arthur,arthur123,male,9,,2014,9,13,9/13/2014
johnson@gmail.com,Johnson,Eleanor,johnson_eleanor,eleanor123,female,6,,2017,2,3,2/3/2017
sivola@gmail.com,Sivola,Antti,sivola_antti,antti123,male,21,,2002,9,24,9/24/2002
smith@gmail.com,Smith,James,smith_james,james123,male,56,,1967,1,22,1/22/1967
klasen@gmail.com,Klasen,Klas,klasen_klas,klas123,male,18,,2005,5,22,5/22/2005
lefebre@gmail.com,Lefebre,Henry,lefebre_henry,henry123,male,24,,1999,10,3,10/3/1999
isham@gmail.com,Isham,Ann,isham_ann,ann123,female,50,,1973,9,9,9/9/1973
hale@gmail.com,Hale,Reginald,hale_reginald,reginald123,male,30,,1993,4,4,4/4/1993
leonard@gmail.com,Leonard,Lionel,leonard_lionel,lionel123,male,36,,1987,3,21,3/21/1987
sage@gmail.com,Sage,Constance,sage_constance,constance123,female,35,,1988,10,15,10/15/1988
pernot@gmail.com,Pernot,Rene,pernot_rene,rene123,male,27,,1996,7,21,7/21/1996
asplund@gmail.com,Asplund,Clarence,asplund_clarence,clarence123,male,9,,2014,2,8,2/8/2014
becker@gmail.com,Becker,Richard,becker_richard,richard123,male,6,,2017,4,25,4/25/2017
kink-heilmann@gmail.com,Kink-Heilmann,Luise,kink-heilmann_luise,luise123,female,9,,2014,3,13,3/13/2014
rood@gmail.com,Rood,Hugh,rood_hugh,hugh123,male,23,,2000,2,2,2/2/2000
o'brien@gmail.com,O'Brien,Thomas,o'brien_thomas1,thomas123,female,40,,1983,3,13,3/13/1983
romaine@gmail.com,Romaine,Charles,romaine_charles,charles123,male,45,,1978,1,2,1/2/1978
bourke@gmail.com,Bourke,John,bourke_john,john123,male,40,,1983,10,1,10/1/1983
turcin@gmail.com,Turcin,Stjepan,turcin_stjepan,stjepan123,male,36,,1987,10,5,10/5/1987
pinsky@gmail.com,Pinsky,Rosa,pinsky_rosa,rosa123,female,32,,1991,11,7,11/7/1991
carbines@gmail.com,Carbines,William,carbines_william,william123,male,19,,2004,5,21,5/21/2004
andersen-jensen@gmail.com,Andersen-Jensen,Carla,andersen-jensen_carla,carla123,female,19,,2004,8,11,8/11/2004
navratil@gmail.com,Navratil,Michel,navratil_michel,michel123,male,8,,2015,4,21,4/21/2015
brown@gmail.com,Brown,James,brown_james,james123,female,44,,1979,6,1,6/1/1979
lurette@gmail.com,Lurette,Elise,lurette_elise,elise123,female,58,,1965,5,15,5/15/1965
mernagh@gmail.com,Mernagh,Robert,mernagh_robert,robert123,male,18,,2005,3,18,3/18/2005
olsen@gmail.com,Olsen,Karl,olsen_karl,karl123,male,42,,1981,1,20,1/20/1981
madigan@gmail.com,Madigan,Margaret,madigan_margaret,margaret123,female,15,,2008,7,24,7/24/2008
yrois@gmail.com,Yrois,Henriette,yrois_henriette,henriette123,female,24,,1999,12,8,12/8/1999
vande walle@gmail.com,Vande Walle,Nestor,vande walle_nestor,nestor123,male,28,,1995,2,19,2/19/1995
sage@gmail.com,Sage,Frederick,sage_frederick,frederick123,male,35,,1988,3,15,3/15/1988
johanson@gmail.com,Johanson,Jakob,johanson_jakob,jakob123,male,34,,1989,1,8,1/8/1989
youseff@gmail.com,Youseff,Gerious,youseff_gerious,gerious123,male,46,,1977,9,18,9/18/1977
cohen@gmail.com,Cohen,Gurshon,cohen_gurshon,gurshon123,male,18,,2005,3,7,3/7/2005
strom@gmail.com,Strom,Telma,strom_telma,telma123,female,7,,2016,11,13,11/13/2016
backstrom@gmail.com,Backstrom,Karl,backstrom_karl,karl123,male,32,,1991,3,21,3/21/1991
albimona@gmail.com,Albimona,Nassef,albimona_nassef,nassef123,male,26,,1997,6,22,6/22/1997
carr@gmail.com,Carr,Helen,carr_helen,helen123,female,16,,2007,3,26,3/26/2007
blank@gmail.com,Blank,Henry,blank_henry,henry123,male,40,,1983,9,8,9/8/1983
ali@gmail.com,Ali,Ahmed,ali_ahmed,ahmed123,male,24,,1999,10,24,10/24/1999
cameron@gmail.com,Cameron,Clear,cameron_clear,clear123,female,35,,1988,10,10,10/10/1988
perkin@gmail.com,Perkin,John,perkin_john,john123,male,22,,2001,6,7,6/7/2001
givard@gmail.com,Givard,Hans,givard_hans,hans123,male,30,,1993,12,27,12/27/1993
kiernan@gmail.com,Kiernan,Philip,kiernan_philip,philip123,male,23,,2000,3,9,3/9/2000
newell@gmail.com,Newell,Madeleine,newell_madeleine,madeleine123,female,31,,1992,12,24,12/24/1992
honkanen@gmail.com,Honkanen,Eliina,honkanen_eliina,eliina123,female,27,,1996,3,16,3/16/1996
jacobsohn@gmail.com,Jacobsohn,Sidney,jacobsohn_sidney,sidney123,male,42,,1981,11,23,11/23/1981
bazzani@gmail.com,Bazzani,Albina,bazzani_albina,albina123,female,32,,1991,4,27,4/27/1991
harris@gmail.com,Harris,Walter,harris_walter,walter123,male,30,,1993,2,12,2/12/1993
sunderland@gmail.com,Sunderland,Victor,sunderland_victor,victor123,male,16,,2007,3,4,3/4/2007
bracken@gmail.com,Bracken,James,bracken_james,james123,male,27,,1996,10,4,10/4/1996
green@gmail.com,Green,George,green_george,george123,male,51,,1972,10,21,10/21/1972
nenkoff@gmail.com,Nenkoff,Christo,nenkoff_christo,christo123,male,20,,2003,12,1,12/1/2003
hoyt@gmail.com,Hoyt,Frederick,hoyt_frederick1,frederick123,male,38,,1985,5,14,5/14/1985
berglund@gmail.com,Berglund,Karl,berglund_karl,karl123,male,22,,2001,7,27,7/27/2001
mellors@gmail.com,Mellors,William,mellors_william,william123,male,19,,2004,4,8,4/8/2004
lovell@gmail.com,Lovell,John,lovell_john,john123,male,21,,2002,3,11,3/11/2002
fahlstrom@gmail.com,Fahlstrom,Arne,fahlstrom_arne,arne123,male,18,,2005,2,14,2/14/2005
lefebre@gmail.com,Lefebre,Mathilde,lefebre_mathilde,mathilde123,female,5,,2018,9,4,9/4/2018
harris@gmail.com,Harris,Henry,harris_henry,henry123,female,35,,1988,3,17,3/17/1988
larsson@gmail.com,Larsson,Bengt,larsson_bengt,bengt123,male,29,,1994,3,7,3/7/1994
sjostedt@gmail.com,Sjostedt,Ernst,sjostedt_ernst,ernst123,male,59,,1964,1,5,1/5/1964
asplund@gmail.com,Asplund,Lillian,asplund_lillian,lillian123,female,5,,2018,5,26,5/26/2018
leyson@gmail.com,Leyson,Robert,leyson_robert,robert123,male,24,,1999,5,5,5/5/1999
harknett@gmail.com,Harknett,Alice,harknett_alice,alice123,female,22,,2001,12,16,12/16/2001
hold@gmail.com,Hold,Stephen,hold_stephen,stephen123,male,44,,1979,4,7,4/7/1979
collyer@gmail.com,Collyer,Marjorie,collyer_marjorie,marjorie123,female,8,,2015,9,2,9/2/2015
pengelly@gmail.com,Pengelly,Frederick,pengelly_frederick,frederick123,male,19,,2004,11,27,11/27/2004
hunt@gmail.com,Hunt,George,hunt_george,george123,male,33,,1990,3,26,3/26/1990
zabour@gmail.com,Zabour,Thamine,zabour_thamine,thamine123,female,25,,1998,2,22,2/22/1998
murphy@gmail.com,Murphy,Katherine,murphy_katherine,katherine123,female,10,,2013,4,26,4/26/2013
coleridge@gmail.com,Coleridge,Reginald,coleridge_reginald,reginald123,male,29,,1994,10,16,10/16/1994
maenpaa@gmail.com,Maenpaa,Matti,maenpaa_matti,matti123,male,22,,2001,3,3,3/3/2001
attalah@gmail.com,Attalah,Sleiman,attalah_sleiman,sleiman123,male,30,,1993,6,11,6/11/1993
minahan@gmail.com,Minahan,William,minahan_william,william123,male,44,,1979,6,11,6/11/1979
lindahl@gmail.com,Lindahl,Agda,lindahl_agda,agda123,female,25,,1998,1,23,1/23/1998
hamalainen@gmail.com,Hamalainen,William,hamalainen_william,william123,female,24,,1999,11,10,11/10/1999
beckwith@gmail.com,Beckwith,Richard,beckwith_richard,richard123,male,37,,1986,4,8,4/8/1986
carter@gmail.com,Carter,Ernest,carter_ernest,ernest123,male,54,,1969,11,16,11/16/1969
reed@gmail.com,Reed,James,reed_james,james123,male,24,,1999,6,13,6/13/1999
strom@gmail.com,Strom,Wilhelm,strom_wilhelm,wilhelm123,female,29,,1994,9,10,9/10/1994
stead@gmail.com,Stead,William,stead_william,william123,male,62,,1961,9,12,9/12/1961
lobb@gmail.com,Lobb,William,lobb_william,william123,male,30,,1993,2,26,2/26/1993
rosblom@gmail.com,Rosblom,Viktor,rosblom_viktor1,viktor123,female,41,,1982,2,23,2/23/1982
touma@gmail.com,Touma,Darwis,touma_darwis,darwis123,female,29,,1994,7,11,7/11/1994
thorne@gmail.com,Thorne,Gertrude,thorne_gertrude,gertrude123,female,31,,1992,11,1,11/1/1992
cherry@gmail.com,Cherry,Gladys,cherry_gladys,gladys123,female,30,,1993,2,11,2/11/1993
ward@gmail.com,Ward,Anna,ward_anna,anna123,female,35,,1988,11,20,11/20/1988
parrish@gmail.com,Parrish,Lutie,parrish_lutie,lutie123,female,50,,1973,1,6,1/6/1973
smith@gmail.com,Smith,Thomas,smith_thomas,thomas123,male,7,,2016,6,11,6/11/2016
asplund@gmail.com,Asplund,Edvin,asplund_edvin,edvin123,male,8,,2015,12,7,12/7/2015
taussig@gmail.com,Taussig,Emil,taussig_emil1,emil123,male,52,,1971,7,27,7/27/1971
harrison@gmail.com,Harrison,William,harrison_william,william123,male,40,,1983,11,24,11/24/1983
henry@gmail.com,Henry,Delia,henry_delia,delia123,female,10,,2013,1,16,1/16/2013
reeves@gmail.com,Reeves,David,reeves_david,david123,male,36,,1987,4,14,4/14/1987
panula@gmail.com,Panula,Ernesti,panula_ernesti,ernesti123,male,16,,2007,3,11,3/11/2007
persson@gmail.com,Persson,Ernst,persson_ernst,ernst123,male,25,,1998,1,5,1/5/1998
graham@gmail.com,Graham,William,graham_william,william123,female,58,,1965,8,14,8/14/1965
bissette@gmail.com,Bissette,Amelia,bissette_amelia,amelia123,female,35,,1988,11,3,11/3/1988
cairns@gmail.com,Cairns,Alexander,cairns_alexander,alexander123,male,5,,2018,1,7,1/7/2018
tornquist@gmail.com,Tornquist,William,tornquist_william,william123,male,25,,1998,1,7,1/7/1998
mellinger@gmail.com,Mellinger,Elizabeth,mellinger_elizabeth,elizabeth123,female,41,,1982,12,15,12/15/1982
natsch@gmail.com,Natsch,Charles,natsch_charles,charles123,male,37,,1986,1,28,1/28/1986
healy@gmail.com,Healy,Hanora,healy_hanora,hanora123,female,30,,1993,9,3,9/3/1993
andrews@gmail.com,Andrews,Kornelia,andrews_kornelia,kornelia123,female,63,,1960,8,19,8/19/1960
lindblom@gmail.com,Lindblom,Augusta,lindblom_augusta,augusta123,female,45,,1978,10,24,10/24/1978
parkes@gmail.com,Parkes,Francis,parkes_francis,francis123,male,27,,1996,9,11,9/11/1996
rice@gmail.com,Rice,Eric,rice_eric,eric123,male,7,,2016,12,22,12/22/2016
abbott@gmail.com,Abbott,Stanton,abbott_stanton,stanton123,female,35,,1988,4,20,4/20/1988
duane@gmail.com,Duane,Frank,duane_frank,frank123,male,65,,1958,4,5,4/5/1958
olsson@gmail.com,Olsson,Nils,olsson_nils,nils123,male,28,,1995,4,14,4/14/1995
de pelsmaeker@gmail.com,de Pelsmaeker,Mr,de pelsmaeker_mr,mr123,male,16,,2007,5,13,5/13/2007
dorking@gmail.com,Dorking,Edward,dorking_edward,edward123,male,19,,2004,3,18,3/18/2004
smith@gmail.com,Smith,Richard,smith_richard,richard123,male,23,,2000,5,10,5/10/2000
stankovic@gmail.com,Stankovic,Ivan,stankovic_ivan,ivan123,male,33,,1990,6,5,6/5/1990
de mulder@gmail.com,de Mulder,T,de mulder_t,t123,male,30,,1993,6,11,6/11/1993
naidenoff@gmail.com,Naidenoff,Penko,naidenoff_penko,penko123,male,22,,2001,7,26,7/26/2001
hosono@gmail.com,Hosono,Masabumi,hosono_masabumi,masabumi123,male,42,,1981,4,10,4/10/1981
connolly@gmail.com,Connolly,Kate,connolly_kate,kate123,female,22,,2001,1,4,1/4/2001
barber@gmail.com,Barber,Ellen,barber_ellen,ellen123,female,26,,1997,6,3,6/3/1997
bishop@gmail.com,Bishop,Dickinson,bishop_dickinson1,dickinson123,female,19,,2004,4,20,4/20/2004
levy@gmail.com,Levy,Rene,levy_rene,rene123,male,36,,1987,2,18,2/18/1987
haas@gmail.com,Haas,Aloisia,haas_aloisia,aloisia123,female,24,,1999,7,1,7/1/1999
mineff@gmail.com,Mineff,Ivan,mineff_ivan,ivan123,male,24,,1999,4,13,4/13/1999
lewy@gmail.com,Lewy,Ervin,lewy_ervin,ervin123,male,7,,2016,8,17,8/17/2016
hanna@gmail.com,Hanna,Mansour,hanna_mansour,mansour123,male,24,,1999,2,7,2/7/1999
allison@gmail.com,Allison,Helen,allison_helen,helen123,female,7,,2016,3,11,3/11/2016
saalfeld@gmail.com,Saalfeld,Adolphe,saalfeld_adolphe,adolphe123,male,36,,1987,10,24,10/24/1987
baxter@gmail.com,Baxter,James,baxter_james,james123,female,50,,1973,9,23,9/23/1973
kelly@gmail.com,Kelly,Anna,kelly_anna,anna123,female,29,,1994,7,24,7/24/1994
mccoy@gmail.com,McCoy,Bernard,mccoy_bernard,bernard123,male,23,,2000,6,19,6/19/2000
johnson@gmail.com,Johnson,William,johnson_william,william123,male,19,,2004,2,5,2/5/2004
keane@gmail.com,Keane,Nora,keane_nora,nora123,female,31,,1992,5,15,5/15/1992
williams@gmail.com,Williams,Howard,williams_howard,howard123,male,24,,1999,12,27,12/27/1999
allison@gmail.com,Allison,Hudson,allison_hudson1,hudson123,male,6,,2017,10,2,10/2/2017
fleming@gmail.com,Fleming,Margaret,fleming_margaret,margaret123,female,8,,2015,12,9,12/9/2015
penasco y castellana@gmail.com,Penasco y Castellana,Victor,penasco y castellana_victor1,victor123,female,17,,2006,4,25,4/25/2006
abelson@gmail.com,Abelson,Samuel,abelson_samuel,samuel123,male,30,,1993,4,2,4/2/1993
francatelli@gmail.com,Francatelli,Laura,francatelli_laura,laura123,female,30,,1993,8,10,8/10/1993
hays@gmail.com,Hays,Margaret,hays_margaret,margaret123,female,24,,1999,6,27,6/27/1999
ryerson@gmail.com,Ryerson,Emily,ryerson_emily,emily123,female,18,,2005,8,1,8/1/2005
lahtinen@gmail.com,Lahtinen,William,lahtinen_william,william123,female,26,,1997,5,13,5/13/1997
hendekovic@gmail.com,Hendekovic,Ignjac,hendekovic_ignjac,ignjac123,male,28,,1995,6,2,6/2/1995
hart@gmail.com,Hart,Benjamin,hart_benjamin1,benjamin123,male,43,,1980,12,10,12/10/1980
nilsson@gmail.com,Nilsson,Helmina,nilsson_helmina,helmina123,female,26,,1997,3,22,3/22/1997
kantor@gmail.com,Kantor,Sinai,kantor_sinai,sinai123,female,24,,1999,12,5,12/5/1999
moraweck@gmail.com,Moraweck,Ernest,moraweck_ernest,ernest123,male,54,,1969,10,23,10/23/1969
wick@gmail.com,Wick,Mary,wick_mary,mary123,female,31,,1992,3,27,3/27/1992
spedden@gmail.com,Spedden,Frederic,spedden_frederic,frederic123,female,40,,1983,8,16,8/16/1983
dennis@gmail.com,Dennis,Samuel,dennis_samuel,samuel123,male,22,,2001,1,9,1/9/2001
danoff@gmail.com,Danoff,Yoto,danoff_yoto,yoto123,male,27,,1996,10,28,10/28/1996
slayter@gmail.com,Slayter,Hilda,slayter_hilda,hilda123,female,30,,1993,8,19,8/19/1993
caldwell@gmail.com,Caldwell,Albert,caldwell_albert,albert123,female,22,,2001,7,11,7/11/2001
sage@gmail.com,Sage,George,sage_george,george123,male,37,,1986,7,8,7/8/1986
young@gmail.com,Young,Marie,young_marie,marie123,female,36,,1987,9,12,9/12/1987
nysveen@gmail.com,Nysveen,Johan,nysveen_johan,johan123,male,61,,1962,3,7,3/7/1962
ball@gmail.com,Ball,Ada,ball_ada,ada123,female,36,,1987,10,18,10/18/1987
goldsmith@gmail.com,Goldsmith,Frank,goldsmith_frank2,frank123,female,31,,1992,5,13,5/13/1992
hippach@gmail.com,Hippach,Jean,hippach_jean,jean123,female,16,,2007,5,22,5/22/2007
mccoy@gmail.com,McCoy,Agnes,mccoy_agnes,agnes123,female,11,,2012,8,20,8/20/2012
partner@gmail.com,Partner,Austen,partner_austen,austen123,male,46,,1977,4,23,4/23/1977
graham@gmail.com,Graham,George,graham_george,george123,male,38,,1985,3,19,3/19/1985
vander planke@gmail.com,Vander Planke,Leo,vander planke_leo,leo123,male,16,,2007,10,27,10/27/2007
frauenthal@gmail.com,Frauenthal,Henry,frauenthal_henry,henry123,female,21,,2002,5,7,5/7/2002
denkoff@gmail.com,Denkoff,Mitto,denkoff_mitto,mitto123,male,22,,2001,10,3,10/3/2001
pears@gmail.com,Pears,Thomas,pears_thomas,thomas123,male,29,,1994,6,18,6/18/1994
burns@gmail.com,Burns,Elizabeth,burns_elizabeth,elizabeth123,female,41,,1982,3,7,3/7/1982
dahl@gmail.com,Dahl,Karl,dahl_karl,karl123,male,45,,1978,4,3,4/3/1978
blackwell@gmail.com,Blackwell,Stephen,blackwell_stephen,stephen123,male,45,,1978,12,18,12/18/1978
navratil@gmail.com,Navratil,Edmond,navratil_edmond,edmond123,male,7,,2016,10,1,10/1/2016
fortune@gmail.com,Fortune,Alice,fortune_alice,alice123,female,24,,1999,8,26,8/26/1999
collander@gmail.com,Collander,Erik,collander_erik,erik123,male,28,,1995,5,20,5/20/1995
sedgwick@gmail.com,Sedgwick,Charles,sedgwick_charles,charles123,male,25,,1998,11,6,11/6/1998
fox@gmail.com,Fox,Stanley,fox_stanley,stanley123,male,36,,1987,2,12,2/12/1987
brown@gmail.com,Brown,Amelia,brown_amelia,amelia123,female,24,,1999,1,12,1/12/1999
smith@gmail.com,Smith,Marion,smith_marion,marion123,female,40,,1983,2,17,2/17/1983
davison@gmail.com,Davison,Thomas,davison_thomas,thomas123,female,20,,2003,1,21,1/21/2003
coutts@gmail.com,Coutts,William,coutts_william,william123,male,8,,2015,3,4,3/4/2015
dimic@gmail.com,Dimic,Jovan,dimic_jovan,jovan123,male,42,,1981,1,17,1/17/1981
odahl@gmail.com,Odahl,Nils,odahl_nils,nils123,male,23,,2000,5,21,5/21/2000
williams-lambert@gmail.com,Williams-Lambert,Fletcher,williams-lambert_fletcher,fletcher123,male,24,,1999,2,7,2/7/1999
elias@gmail.com,Elias,Tannous,elias_tannous,tannous123,male,15,,2008,1,11,1/11/2008
arnold-franchi@gmail.com,Arnold-Franchi,Mr,arnold-franchi_mr,mr123,male,25,,1998,9,21,9/21/1998
yousif@gmail.com,Yousif,Wazli,yousif_wazli,wazli123,male,26,,1997,8,13,8/13/1997
vanden steen@gmail.com,Vanden Steen,Leo,vanden steen_leo,leo123,male,28,,1995,4,6,4/6/1995
bowerman@gmail.com,Bowerman,Elsie,bowerman_elsie,elsie123,female,22,,2001,2,22,2/22/2001
funk@gmail.com,Funk,Annie,funk_annie,annie123,female,38,,1985,4,5,4/5/1985
mcgovern@gmail.com,McGovern,Mary,mcgovern_mary,mary123,female,39,,1984,6,14,6/14/1984
mockler@gmail.com,Mockler,Helen,mockler_helen,helen123,female,27,,1996,2,2,2/2/1996
skoog@gmail.com,Skoog,Wilhelm,skoog_wilhelm,wilhelm123,male,40,,1983,9,15,9/15/1983
del carlo@gmail.com,del Carlo,S,del carlo_s,s123,male,29,,1994,1,5,1/5/1994
barbara@gmail.com,Barbara,Catherine,barbara_catherine,catherine123,female,45,,1978,8,17,8/17/1978
asim@gmail.com,Asim,Adola,asim_adola,adola123,male,35,,1988,5,8,5/8/1988
o'brien@gmail.com,O'Brien,Thomas,o'brien_thomas,thomas123,male,15,,2008,2,17,2/17/2008
adahl@gmail.com,Adahl,Mauritz,adahl_mauritz,mauritz123,male,30,,1993,5,22,5/22/1993
warren@gmail.com,Warren,Frank,warren_frank,frank123,female,60,,1963,4,25,4/25/1963
moussa@gmail.com,Moussa,Mantoura,moussa_mantoura,mantoura123,female,25,,1998,5,4,5/4/1998
jermyn@gmail.com,Jermyn,Annie,jermyn_annie,annie123,female,36,,1987,9,23,9/23/1987
aubart@gmail.com,Aubart,Leontine,aubart_leontine,leontine123,female,24,,1999,12,25,12/25/1999
harder@gmail.com,Harder,George,harder_george,george123,male,25,,1998,10,27,10/27/1998
wiklund@gmail.com,Wiklund,Jakob,wiklund_jakob,jakob123,male,18,,2005,4,15,4/15/2005
beavan@gmail.com,Beavan,William,beavan_william,william123,male,19,,2004,1,11,1/11/2004
ringhini@gmail.com,Ringhini,Sante,ringhini_sante,sante123,male,22,,2001,12,11,12/11/2001
palsson@gmail.com,Palsson,Stina,palsson_stina,stina123,female,8,,2015,9,11,9/11/2015
meyer@gmail.com,Meyer,Edgar,meyer_edgar,edgar123,female,16,,2007,7,22,7/22/2007
landergren@gmail.com,Landergren,Aurora,landergren_aurora,aurora123,female,22,,2001,8,23,8/23/2001
widener@gmail.com,Widener,Harry,widener_harry,harry123,male,27,,1996,7,22,7/22/1996
betros@gmail.com,Betros,Tannous,betros_tannous,tannous123,male,20,,2003,6,28,6/28/2003
gustafsson@gmail.com,Gustafsson,Karl,gustafsson_karl,karl123,male,19,,2004,8,26,8/26/2004
bidois@gmail.com,Bidois,Rosalie,bidois_rosalie,rosalie123,female,42,,1981,1,11,1/11/1981
nakid@gmail.com,Nakid,Maria,nakid_maria,maria123,female,6,,2017,7,6,7/6/2017
tikkanen@gmail.com,Tikkanen,Juho,tikkanen_juho,juho123,male,32,,1991,6,19,6/19/1991
holverson@gmail.com,Holverson,Alexander,holverson_alexander,alexander123,female,35,,1988,7,26,7/26/1988
plotcharsky@gmail.com,Plotcharsky,Vasil,plotcharsky_vasil,vasil123,male,25,,1998,2,12,2/12/1998
davies@gmail.com,Davies,Charles,davies_charles,charles123,male,18,,2005,5,23,5/23/2005
goodwin@gmail.com,Goodwin,Sidney,goodwin_sidney,sidney123,male,6,,2017,3,8,3/8/2017
buss@gmail.com,Buss,Kate,buss_kate,kate123,female,36,,1987,6,1,6/1/1987
sadlier@gmail.com,Sadlier,Matthew,sadlier_matthew,matthew123,male,6,,2017,7,26,7/26/2017
lehmann@gmail.com,Lehmann,Bertha,lehmann_bertha,bertha123,female,17,,2006,5,24,5/24/2006
carter@gmail.com,Carter,William,carter_william,william123,male,36,,1987,8,20,8/20/1987
jansson@gmail.com,Jansson,Carl,jansson_carl,carl123,male,21,,2002,9,19,9/19/2002
gustafsson@gmail.com,Gustafsson,Johan,gustafsson_johan,johan123,male,28,,1995,3,21,3/21/1995
newell@gmail.com,Newell,Marjorie,newell_marjorie,marjorie123,female,23,,2000,3,26,3/26/2000
sandstrom@gmail.com,Sandstrom,Hjalmar,sandstrom_hjalmar,hjalmar123,female,24,,1999,12,1,12/1/1999
johansson@gmail.com,Johansson,Erik,johansson_erik,erik123,male,22,,2001,3,8,3/8/2001
olsson@gmail.com,Olsson,Elina,olsson_elina,elina123,female,31,,1992,6,22,6/22/1992
mckane@gmail.com,McKane,Peter,mckane_peter,peter123,male,46,,1977,9,14,9/14/1977
pain@gmail.com,Pain,Alfred,pain_alfred,alfred123,male,23,,2000,12,21,12/21/2000
trout@gmail.com,Trout,William,trout_william,william123,female,28,,1995,8,18,8/18/1995
niskanen@gmail.com,Niskanen,Juha,niskanen_juha,juha123,male,39,,1984,1,23,1/23/1984
adams@gmail.com,Adams,John,adams_john,john123,male,26,,1997,1,23,1/23/1997
jussila@gmail.com,Jussila,Mari,jussila_mari,mari123,female,21,,2002,7,4,7/4/2002
hakkarainen@gmail.com,Hakkarainen,Pekka,hakkarainen_pekka,pekka123,male,28,,1995,11,15,11/15/1995
oreskovic@gmail.com,Oreskovic,Marija,oreskovic_marija,marija123,female,20,,2003,3,18,3/18/2003
gale@gmail.com,Gale,Shadrach,gale_shadrach,shadrach123,male,34,,1989,8,13,8/13/1989
widegren@gmail.com,Widegren,Carl,widegren_carl,carl123,male,51,,1972,12,10,12/10/1972
richards@gmail.com,Richards,William,richards_william,william123,male,8,,2015,5,7,5/7/2015
birkeland@gmail.com,Birkeland,Hans,birkeland_hans,hans123,male,21,,2002,7,4,7/4/2002
lefebre@gmail.com,Lefebre,Ida,lefebre_ida,ida123,female,6,,2017,8,21,8/21/2017
sdycoff@gmail.com,Sdycoff,Todor,sdycoff_todor,todor123,male,37,,1986,11,3,11/3/1986
hart@gmail.com,Hart,Henry,hart_henry,henry123,male,38,,1985,9,9,9/9/1985
minahan@gmail.com,Minahan,Daisy,minahan_daisy,daisy123,female,33,,1990,3,15,3/15/1990
cunningham@gmail.com,Cunningham,Alfred,cunningham_alfred,alfred123,male,31,,1992,4,7,4/7/1992
sundman@gmail.com,Sundman,Johan,sundman_johan,johan123,male,44,,1979,8,5,8/5/1979
meek@gmail.com,Meek,Thomas,meek_thomas,thomas123,female,21,,2002,10,27,10/27/2002
drew@gmail.com,Drew,James,drew_james,james123,female,34,,1989,10,21,10/21/1989
silven@gmail.com,Silven,Lyyli,silven_lyyli,lyyli123,female,18,,2005,12,19,12/19/2005
matthews@gmail.com,Matthews,William,matthews_william,william123,male,30,,1993,1,1,1/1/1993
van impe@gmail.com,Van Impe,,van impe_,123,female,10,,2013,1,19,1/19/2013
gheorgheff@gmail.com,Gheorgheff,Stanio,gheorgheff_stanio,stanio123,male,34,,1989,6,16,6/16/1989
charters@gmail.com,Charters,David,charters_david,david123,male,21,,2002,11,16,11/16/2002
zimmerman@gmail.com,Zimmerman,Leo,zimmerman_leo,leo123,male,29,,1994,12,16,12/16/1994
danbom@gmail.com,Danbom,Ernst,danbom_ernst,ernst123,female,28,,1995,2,27,2/27/1995
rosblom@gmail.com,Rosblom,Viktor,rosblom_viktor,viktor123,male,18,,2005,6,26,6/26/2005
wiseman@gmail.com,Wiseman,Phillippe,wiseman_phillippe,phillippe123,male,32,,1991,1,23,1/23/1991
clarke@gmail.com,Clarke,Charles,clarke_charles,charles123,female,28,,1995,12,4,12/4/1995
phillips@gmail.com,Phillips,Kate,phillips_kate,kate123,female,19,,2004,2,2,2/2/2004
flynn@gmail.com,Flynn,James,flynn_james,james123,male,16,,2007,5,5,5/5/2007
pickard@gmail.com,Pickard,Berk,pickard_berk,berk123,male,32,,1991,3,4,3/4/1991
bjornstrom-steffansson@gmail.com,Bjornstrom-Steffansson,Mauritz,bjornstrom-steffansson_mauritz,mauritz123,male,28,,1995,7,20,7/20/1995
thorneycroft@gmail.com,Thorneycroft,Percival,thorneycroft_percival,percival123,female,30,,1993,1,10,1/10/1993
louch@gmail.com,Louch,Charles,louch_charles,charles123,female,42,,1981,6,10,6/10/1981
kallio@gmail.com,Kallio,Nikolai,kallio_nikolai,nikolai123,male,17,,2006,9,7,9/7/2006
silvey@gmail.com,Silvey,William,silvey_william1,william123,male,50,,1973,9,23,9/23/1973
carter@gmail.com,Carter,Lucile,carter_lucile,lucile123,female,14,,2009,6,21,6/21/2009
ford@gmail.com,Ford,Doolina,ford_doolina,doolina123,female,21,,2002,1,13,1/13/2002
richards@gmail.com,Richards,Sidney,richards_sidney,sidney123,female,24,,1999,3,10,3/10/1999
fortune@gmail.com,Fortune,Mark,fortune_mark,mark123,male,64,,1959,10,6,10/6/1959
kvillner@gmail.com,Kvillner,Johan,kvillner_johan,johan123,male,31,,1992,8,3,8/3/1992
hart@gmail.com,Hart,Benjamin,hart_benjamin,benjamin123,female,45,,1978,1,19,1/19/1978
hampe@gmail.com,Hampe,Leon,hampe_leon,leon123,male,20,,2003,7,27,7/27/2003
petterson@gmail.com,Petterson,Johan,petterson_johan,johan123,male,25,,1998,9,5,9/5/1998
reynaldo@gmail.com,Reynaldo,Encarnacion,reynaldo_encarnacion,encarnacion123,female,28,,1995,2,9,2/9/1995
johannesen-bratthammer@gmail.com,Johannesen-Bratthammer,Mr,johannesen-bratthammer_mr,mr123,male,9,,2014,2,25,2/25/2014
dodge@gmail.com,Dodge,Washington,dodge_washington,washington123,male,9,,2014,4,23,4/23/2014
mellinger@gmail.com,Mellinger,Madeleine,mellinger_madeleine,madeleine123,female,13,,2010,3,16,3/16/2010
seward@gmail.com,Seward,Frederic,seward_frederic,frederic123,male,34,,1989,7,7,7/7/1989
baclini@gmail.com,Baclini,Marie,baclini_marie,marie123,female,5,,2018,2,28,2/28/2018
peuchen@gmail.com,Peuchen,Arthur,peuchen_arthur,arthur123,male,52,,1971,5,11,5/11/1971
west@gmail.com,West,Edwy,west_edwy1,edwy123,male,36,,1987,7,22,7/22/1987
hagland@gmail.com,Hagland,Ingvald,hagland_ingvald,ingvald123,male,39,,1984,10,10,10/10/1984
foreman@gmail.com,Foreman,Benjamin,foreman_benjamin,benjamin123,male,30,,1993,10,20,10/20/1993
goldenberg@gmail.com,Goldenberg,Samuel,goldenberg_samuel,samuel123,male,49,,1974,5,20,5/20/1974
peduzzi@gmail.com,Peduzzi,Joseph,peduzzi_joseph,joseph123,male,32,,1991,4,2,4/2/1991
jalsevac@gmail.com,Jalsevac,Ivan,jalsevac_ivan,ivan123,male,29,,1994,1,1,1/1/1994
millet@gmail.com,Millet,Francis,millet_francis,francis123,male,65,,1958,7,17,7/17/1958
kenyon@gmail.com,Kenyon,Frederick,kenyon_frederick,frederick123,female,32,,1991,9,20,9/20/1991
toomey@gmail.com,Toomey,Ellen,toomey_ellen,ellen123,female,50,,1973,11,16,11/16/1973
o'connor@gmail.com,O'Connor,Maurice,o'connor_maurice,maurice123,male,16,,2007,3,20,3/20/2007
anderson@gmail.com,Anderson,Harry,anderson_harry,harry123,male,48,,1975,7,28,7/28/1975
morley@gmail.com,Morley,William,morley_william,william123,male,34,,1989,10,5,10/5/1989
gee@gmail.com,Gee,Arthur,gee_arthur,arthur123,male,47,,1976,12,3,12/3/1976
milling@gmail.com,Milling,Jacob,milling_jacob,jacob123,male,48,,1975,5,12,5/12/1975
maisner@gmail.com,Maisner,Simon,maisner_simon,simon123,male,26,,1997,8,6,8/6/1997
goncalves@gmail.com,Goncalves,Manuel,goncalves_manuel,manuel123,male,38,,1985,3,4,3/4/1985
campbell@gmail.com,Campbell,William,campbell_william,william123,male,12,,2011,3,18,3/18/2011
smart@gmail.com,Smart,John,smart_john,john123,male,56,,1967,9,7,9/7/1967
scanlan@gmail.com,Scanlan,James,scanlan_james,james123,male,28,,1995,3,9,3/9/1995
baclini@gmail.com,Baclini,Helene,baclini_helene,helene123,female,6,,2017,9,19,9/19/2017
keefe@gmail.com,Keefe,Arthur,keefe_arthur,arthur123,male,12,,2011,1,5,1/5/2011
cacic@gmail.com,Cacic,Luka,cacic_luka,luka123,male,38,,1985,3,12,3/12/1985
west@gmail.com,West,Edwy,west_edwy,edwy123,female,33,,1990,2,1,2/1/1990
jerwan@gmail.com,Jerwan,Amin,jerwan_amin,amin123,female,23,,2000,10,23,10/23/2000
strandberg@gmail.com,Strandberg,Ida,strandberg_ida,ida123,female,22,,2001,12,20,12/20/2001
clifford@gmail.com,Clifford,George,clifford_george,george123,male,36,,1987,8,21,8/21/1987
renouf@gmail.com,Renouf,Peter,renouf_peter,peter123,male,34,,1989,4,28,4/28/1989
braund@gmail.com,Braund,Lewis,braund_lewis,lewis123,male,29,,1994,3,19,3/19/1994
karlsson@gmail.com,Karlsson,Nils,karlsson_nils,nils123,male,22,,2001,4,5,4/5/2001
hirvonen@gmail.com,Hirvonen,Hildur,hirvonen_hildur,hildur123,female,7,,2016,5,7,5/7/2016
goodwin@gmail.com,Goodwin,Harold,goodwin_harold,harold123,male,9,,2014,2,18,2/18/2014
frost@gmail.com,Frost,Anthony,frost_anthony,anthony123,male,16,,2007,5,2,5/2/2007
rouse@gmail.com,Rouse,Richard,rouse_richard,richard123,male,50,,1973,8,11,8/11/1973
turkula@gmail.com,Turkula,Hedwig,turkula_hedwig,hedwig123,female,63,,1960,4,16,4/16/1960
bishop@gmail.com,Bishop,Dickinson,bishop_dickinson,dickinson123,male,25,,1998,10,23,10/23/1998
lefebre@gmail.com,Lefebre,Jeannie,lefebre_jeannie,jeannie123,female,32,,1991,5,12,5/12/1991
hoyt@gmail.com,Hoyt,Frederick,hoyt_frederick,frederick123,female,35,,1988,1,8,1/8/1988
kent@gmail.com,Kent,Edward,kent_edward,edward123,male,58,,1965,1,6,1/6/1965
somerton@gmail.com,Somerton,Francis,somerton_francis,francis123,male,30,,1993,7,18,7/18/1993
coutts@gmail.com,Coutts,Eden,coutts_eden,eden123,male,9,,2014,7,22,7/22/2014
hagland@gmail.com,Hagland,Konrad,hagland_konrad,konrad123,male,39,,1984,11,4,11/4/1984
windelov@gmail.com,Windelov,Einar,windelov_einar,einar123,male,21,,2002,5,11,5/11/2002
molson@gmail.com,Molson,Harry,molson_harry,harry123,male,55,,1968,4,8,4/8/1968
artagaveytia@gmail.com,Artagaveytia,Ramon,artagaveytia_ramon,ramon123,male,71,,1952,7,3,7/3/1952
stanley@gmail.com,Stanley,Edward,stanley_edward,edward123,male,21,,2002,8,4,8/4/2002
yousseff@gmail.com,Yousseff,Gerious,yousseff_gerious,gerious123,male,5,,2018,9,16,9/16/2018
eustis@gmail.com,Eustis,Elizabeth,eustis_elizabeth,elizabeth123,female,54,,1969,12,26,12/26/1969
shellard@gmail.com,Shellard,Frederick,shellard_frederick,frederick123,male,26,,1997,8,25,8/25/1997
allison@gmail.com,Allison,Hudson,allison_hudson,hudson123,female,25,,1998,8,8,8/8/1998
svensson@gmail.com,Svensson,Olof,svensson_olof,olof123,male,24,,1999,12,21,12/21/1999
calic@gmail.com,Calic,Petar,calic_petar,petar123,male,17,,2006,2,5,2/5/2006
canavan@gmail.com,Canavan,Mary,canavan_mary,mary123,female,21,,2002,10,3,10/3/2002
o'sullivan@gmail.com,O'Sullivan,Bridget,o'sullivan_bridget,bridget123,female,19,,2004,11,18,11/18/2004
laitinen@gmail.com,Laitinen,Kristina,laitinen_kristina,kristina123,female,37,,1986,12,22,12/22/1986
maioni@gmail.com,Maioni,Roberta,maioni_roberta,roberta123,female,16,,2007,2,24,2/24/2007
penasco y castellana@gmail.com,Penasco y Castellana,Victor,penasco y castellana_victor,victor123,male,18,,2005,7,12,7/12/2005
quick@gmail.com,Quick,Frederick,quick_frederick,frederick123,female,33,,1990,2,28,2/28/1990
bradley@gmail.com,Bradley,George,bradley_george,george123,male,11,,2012,6,11,6/11/2012
olsen@gmail.com,Olsen,Henry,olsen_henry,henry123,male,28,,1995,3,15,3/15/1995
lang@gmail.com,Lang,Fang,lang_fang,fang123,male,26,,1997,9,2,9/2/1997
daly@gmail.com,Daly,Eugene,daly_eugene,eugene123,male,29,,1994,12,14,12/14/1994
webber@gmail.com,Webber,James,webber_james,james123,male,34,,1989,5,12,5/12/1989
mcgough@gmail.com,McGough,James,mcgough_james,james123,male,36,,1987,2,27,2/27/1987
rothschild@gmail.com,Rothschild,Martin,rothschild_martin,martin123,female,54,,1969,2,14,2/14/1969
coleff@gmail.com,Coleff,Satio,coleff_satio,satio123,male,24,,1999,11,26,11/26/1999
walker@gmail.com,Walker,William,walker_william,william123,male,47,,1976,2,11,2/11/1976
lemore@gmail.com,Lemore,Amelia,lemore_amelia,amelia123,female,34,,1989,7,5,7/5/1989
ryan@gmail.com,Ryan,Patrick,ryan_patrick,patrick123,male,9,,2014,4,20,4/20/2014
angle@gmail.com,Angle,William,angle_william,william123,female,36,,1987,8,19,8/19/1987
pavlovic@gmail.com,Pavlovic,Stefo,pavlovic_stefo,stefo123,male,32,,1991,11,2,11/2/1991
perreault@gmail.com,Perreault,Anne,perreault_anne,anne123,female,30,,1993,3,26,3/26/1993
vovk@gmail.com,Vovk,Janko,vovk_janko,janko123,male,22,,2001,5,15,5/15/2001
lahoud@gmail.com,Lahoud,Sarkis,lahoud_sarkis,sarkis123,male,22,,2001,12,9,12/9/2001
hippach@gmail.com,Hippach,Louis,hippach_louis,louis123,female,44,,1979,8,28,8/28/1979
kassem@gmail.com,Kassem,Fared,kassem_fared,fared123,male,5,,2018,3,10,3/10/2018
farrell@gmail.com,Farrell,James,farrell_james,james123,male,41,,1982,9,28,9/28/1982
ridsdale@gmail.com,Ridsdale,Lucy,ridsdale_lucy,lucy123,female,50,,1973,9,4,9/4/1973
farthing@gmail.com,Farthing,John,farthing_john,john123,male,18,,2005,8,12,8/12/2005
salonen@gmail.com,Salonen,Johan,salonen_johan,johan123,male,39,,1984,2,11,2/11/1984
hocking@gmail.com,Hocking,Richard,hocking_richard,richard123,male,23,,2000,11,28,11/28/2000
quick@gmail.com,Quick,Phyllis,quick_phyllis,phyllis123,female,7,,2016,8,15,8/15/2016
toufik@gmail.com,Toufik,Nakli,toufik_nakli,nakli123,male,14,,2009,7,19,7/19/2009
elias@gmail.com,Elias,Joseph,elias_joseph,joseph123,male,17,,2006,12,8,12/8/2006
peter@gmail.com,Peter,Catherine,peter_catherine,catherine123,female,31,,1992,10,20,10/20/1992
cacic@gmail.com,Cacic,Marija,cacic_marija,marija123,female,30,,1993,1,25,1/25/1993
hart@gmail.com,Hart,Eva,hart_eva,eva123,female,7,,2016,11,8,11/8/2016
butt@gmail.com,Butt,Archibald,butt_archibald,archibald123,male,45,,1978,8,19,8/19/1978
leroy@gmail.com,LeRoy,Bertha,leroy_bertha,bertha123,female,30,,1993,2,3,2/3/1993
risien@gmail.com,Risien,Samuel,risien_samuel,samuel123,male,5,,2018,10,7,10/7/2018
frolicher@gmail.com,Frolicher,Hedwig,frolicher_hedwig,hedwig123,female,22,,2001,3,24,3/24/2001
crosby@gmail.com,Crosby,Harriet,crosby_harriet,harriet123,female,36,,1987,4,19,4/19/1987
andersson@gmail.com,Andersson,Ingeborg,andersson_ingeborg,ingeborg123,female,9,,2014,6,22,6/22/2014
andersson@gmail.com,Andersson,Sigrid,andersson_sigrid,sigrid123,female,11,,2012,4,3,4/3/2012
beane@gmail.com,Beane,Edward,beane_edward1,edward123,male,32,,1991,5,26,5/26/1991
douglas@gmail.com,Douglas,Walter,douglas_walter,walter123,male,50,,1973,8,7,8/7/1973
nicholson@gmail.com,Nicholson,Arthur,nicholson_arthur,arthur123,male,64,,1959,10,8,10/8/1959
beane@gmail.com,Beane,Edward,beane_edward,edward123,female,19,,2004,4,23,4/23/2004
padro y manent@gmail.com,Padro y Manent,Mr,padro y manent_mr,mr123,male,11,,2012,5,6,5/6/2012
goldsmith@gmail.com,Goldsmith,Frank,goldsmith_frank,frank123,male,33,,1990,6,16,6/16/1990
davies@gmail.com,Davies,John,davies_john,john123,male,8,,2015,5,1,5/1/2015
thayer@gmail.com,Thayer,John,thayer_john,john123,male,17,,2006,6,19,6/19/2006
sharp@gmail.com,Sharp,Percival,sharp_percival,percival123,male,27,,1996,7,8,7/8/1996
o'brien@gmail.com,O'Brien,Timothy,o'brien_timothy,timothy123,male,11,,2012,10,13,10/13/2012
leeni@gmail.com,Leeni,Fahim,leeni_fahim,fahim123,male,22,,2001,9,28,9/28/2001
ohman@gmail.com,Ohman,Velin,ohman_velin,velin123,female,22,,2001,12,23,12/23/2001
wright@gmail.com,Wright,George,wright_george,george123,male,62,,1961,11,12,11/12/1961
duff gordon@gmail.com,Duff Gordon,Lucille,duff gordon_lucille,lucille123,female,48,,1975,4,2,4/2/1975
robbins@gmail.com,Robbins,Victor,robbins_victor,victor123,male,39,,1984,1,10,1/10/1984
taussig@gmail.com,Taussig,Emil,taussig_emil,emil123,female,39,,1984,8,18,8/18/1984
de messemaeker@gmail.com,de Messemaeker,Guillaume,de messemaeker_guillaume,guillaume123,female,36,,1987,5,14,5/14/1987
morrow@gmail.com,Morrow,Thomas,morrow_thomas,thomas123,male,15,,2008,8,21,8/21/2008
sivic@gmail.com,Sivic,Husein,sivic_husein,husein123,male,40,,1983,7,22,7/22/1983
norman@gmail.com,Norman,Robert,norman_robert,robert123,male,28,,1995,8,8,8/8/1995
simmons@gmail.com,Simmons,John,simmons_john,john123,male,9,,2014,10,22,10/22/2014
meanwell@gmail.com,Meanwell,Marion,meanwell_marion,marion123,female,5,,2018,1,15,1/15/2018
davies@gmail.com,Davies,Alfred,davies_alfred,alfred123,male,24,,1999,6,11,6/11/1999
stoytcheff@gmail.com,Stoytcheff,Ilia,stoytcheff_ilia,ilia123,male,19,,2004,9,1,9/1/2004
palsson@gmail.com,Palsson,Nils,palsson_nils,nils123,female,29,,1994,6,10,6/10/1994
doharr@gmail.com,Doharr,Tannous,doharr_tannous,tannous123,male,5,,2018,6,21,6/21/2018
jonsson@gmail.com,Jonsson,Carl,jonsson_carl,carl123,male,32,,1991,12,18,12/18/1991
harris@gmail.com,Harris,George,harris_george,george123,male,62,,1961,8,12,8/12/1961
appleton@gmail.com,Appleton,Edward,appleton_edward,edward123,female,53,,1970,1,22,1/22/1970
flynn@gmail.com,Flynn,John,flynn_john,john123,male,36,,1987,1,5,1/5/1987
kelly@gmail.com,Kelly,Mary,kelly_mary,mary123,female,15,,2008,6,14,6/14/2008
rush@gmail.com,Rush,Alfred,rush_alfred,alfred123,male,16,,2007,8,27,8/27/2007
patchett@gmail.com,Patchett,George,patchett_george,george123,male,19,,2004,12,9,12/9/2004
garside@gmail.com,Garside,Ethel,garside_ethel,ethel123,female,34,,1989,10,4,10/4/1989
silvey@gmail.com,Silvey,William,silvey_william,william123,female,39,,1984,6,11,6/11/1984
caram@gmail.com,Caram,Joseph,caram_joseph,joseph123,female,25,,1998,5,19,5/19/1998
jussila@gmail.com,Jussila,Eiriik,jussila_eiriik,eiriik123,male,32,,1991,10,6,10/6/1991
christy@gmail.com,Christy,Julie,christy_julie,julie123,female,25,,1998,7,13,7/13/1998
thayer@gmail.com,Thayer,John,thayer_john2,john123,female,39,,1984,6,18,6/18/1984
downton@gmail.com,Downton,William,downton_william,william123,male,54,,1969,2,23,2/23/1969
ross@gmail.com,Ross,John,ross_john,john123,male,36,,1987,3,26,3/26/1987
paulner@gmail.com,Paulner,Uscher,paulner_uscher,uscher123,male,13,,2010,11,13,11/13/2010
taussig@gmail.com,Taussig,Ruth,taussig_ruth,ruth123,female,18,,2005,5,13,5/13/2005
jarvis@gmail.com,Jarvis,John,jarvis_john,john123,male,47,,1976,10,6,10/6/1976
frolicher-stehli@gmail.com,Frolicher-Stehli,Mr,frolicher-stehli_mr,mr123,male,60,,1963,3,18,3/18/1963
gilinski@gmail.com,Gilinski,Eliezer,gilinski_eliezer,eliezer123,male,22,,2001,6,18,6/18/2001
murdlin@gmail.com,Murdlin,Joseph,murdlin_joseph,joseph123,male,39,,1984,12,12,12/12/1984
rintamaki@gmail.com,Rintamaki,Matti,rintamaki_matti,matti123,male,35,,1988,2,15,2/15/1988
stephenson@gmail.com,Stephenson,Walter,stephenson_walter,walter123,female,52,,1971,3,1,3/1/1971
elsbury@gmail.com,Elsbury,William,elsbury_william,william123,male,47,,1976,11,25,11/25/1976
bourke@gmail.com,Bourke,Mary,bourke_mary,mary123,female,29,,1994,5,28,5/28/1994
chapman@gmail.com,Chapman,John,chapman_john,john123,male,37,,1986,11,20,11/20/1986
van impe@gmail.com,Van Impe,Jean,van impe_jean,jean123,male,36,,1987,8,11,8/11/1987
leitch@gmail.com,Leitch,Jessie,leitch_jessie,jessie123,female,39,,1984,10,13,10/13/1984
johnson@gmail.com,Johnson,Alfred,johnson_alfred,alfred123,male,49,,1974,8,8,8/8/1974
boulos@gmail.com,Boulos,Hanna,boulos_hanna,hanna123,male,5,,2018,6,9,6/9/2018
duff gordon@gmail.com,Duff Gordon,Cosmo,duff gordon_cosmo,cosmo123,male,49,,1974,11,17,11/17/1974
jacobsohn@gmail.com,Jacobsohn,Sidney,jacobsohn_sidney1,sidney123,female,24,,1999,10,16,10/16/1999
slabenoff@gmail.com,Slabenoff,Petco,slabenoff_petco,petco123,male,40,,1983,6,26,6/26/1983
harrington@gmail.com,Harrington,Charles,harrington_charles,charles123,male,22,,2001,4,15,4/15/2001
torber@gmail.com,Torber,Ernst,torber_ernst,ernst123,male,44,,1979,2,25,2/25/1979
homer@gmail.com,Homer,Harry,homer_harry,harry123,male,35,,1988,8,25,8/25/1988
lindell@gmail.com,Lindell,Edvard,lindell_edvard,edvard123,male,36,,1987,5,10,5/10/1987
karaic@gmail.com,Karaic,Milan,karaic_milan,milan123,male,30,,1993,11,4,11/4/1993
daniel@gmail.com,Daniel,Robert,daniel_robert,robert123,male,27,,1996,1,26,1/26/1996
laroche@gmail.com,Laroche,Joseph,laroche_joseph,joseph123,female,22,,2001,1,13,1/13/2001
shutes@gmail.com,Shutes,Elizabeth,shutes_elizabeth,elizabeth123,female,40,,1983,2,12,2/12/1983
andersson@gmail.com,Andersson,Anders,andersson_anders,anders123,female,39,,1984,8,16,8/16/1984
jardin@gmail.com,Jardin,Jose,jardin_jose,jose123,male,5,,2018,7,26,7/26/2018
murphy@gmail.com,Murphy,Margaret,murphy_margaret,margaret123,female,12,,2011,6,18,6/18/2011
horgan@gmail.com,Horgan,John,horgan_john,john123,male,18,,2005,1,17,1/17/2005
brocklebank@gmail.com,Brocklebank,William,brocklebank_william,william123,male,35,,1988,12,14,12/14/1988
herman@gmail.com,Herman,Alice,herman_alice,alice123,female,24,,1999,8,27,8/27/1999
danbom@gmail.com,Danbom,Ernst,danbom_ernst1,ernst123,male,34,,1989,12,4,12/4/1989
lobb@gmail.com,Lobb,William,lobb_william1,william123,female,26,,1997,7,9,7/9/1997
becker@gmail.com,Becker,Marion,becker_marion,marion123,female,9,,2014,2,17,2/17/2014
gavey@gmail.com,Gavey,Lawrence,gavey_lawrence,lawrence123,male,26,,1997,10,26,10/26/1997
yasbeck@gmail.com,Yasbeck,Antoni,yasbeck_antoni,antoni123,male,27,,1996,8,22,8/22/1996
kimball@gmail.com,Kimball,Edwin,kimball_edwin,edwin123,male,42,,1981,1,22,1/22/1981
nakid@gmail.com,Nakid,Sahid,nakid_sahid,sahid123,male,20,,2003,4,15,4/15/2003
hansen@gmail.com,Hansen,Henry,hansen_henry,henry123,male,21,,2002,2,9,2/9/2002
bowen@gmail.com,Bowen,David,bowen_david,david123,male,21,,2002,4,14,4/14/2002
sutton@gmail.com,Sutton,Frederick,sutton_frederick,frederick123,male,61,,1962,9,6,9/6/1962
kirkland@gmail.com,Kirkland,Charles,kirkland_charles,charles123,male,57,,1966,10,14,10/14/1966
longley@gmail.com,Longley,Gretchen,longley_gretchen,gretchen123,female,21,,2002,12,14,12/14/2002
bostandyeff@gmail.com,Bostandyeff,Guentcho,bostandyeff_guentcho,guentcho123,male,26,,1997,3,3,3/3/1997
o'connell@gmail.com,O'Connell,Patrick,o'connell_patrick,patrick123,male,5,,2018,8,17,8/17/2018
barkworth@gmail.com,Barkworth,Algernon,barkworth_algernon,algernon123,male,80,,1943,11,13,11/13/1943
lundahl@gmail.com,Lundahl,Johan,lundahl_johan,johan123,male,51,,1972,10,17,10/17/1972
stahelin-maeglin@gmail.com,Stahelin-Maeglin,Dr,stahelin-maeglin_dr,dr123,male,32,,1991,10,16,10/16/1991
parr@gmail.com,Parr,William,parr_william,william123,male,40,,1983,6,25,6/25/1983
skoog@gmail.com,Skoog,Mabel,skoog_mabel,mabel123,female,9,,2014,11,27,11/27/2014
davis@gmail.com,Davis,Mary,davis_mary,mary123,female,28,,1995,8,15,8/15/1995
leinonen@gmail.com,Leinonen,Antti,leinonen_antti,antti123,male,32,,1991,9,10,9/10/1991
collyer@gmail.com,Collyer,Harvey,collyer_harvey,harvey123,male,31,,1992,8,13,8/13/1992
panula@gmail.com,Panula,Juha,panula_juha1,juha123,female,41,,1982,5,15,5/15/1982
thorneycroft@gmail.com,Thorneycroft,Percival,thorneycroft_percival1,percival123,male,18,,2005,3,16,3/16/2005
jensen@gmail.com,Jensen,Hans,jensen_hans,hans123,male,20,,2003,6,16,6/16/2003
sagesser@gmail.com,Sagesser,Emma,sagesser_emma,emma123,female,24,,1999,4,7,4/7/1999
skoog@gmail.com,Skoog,Margit,skoog_margit,margit123,female,7,,2016,4,13,4/13/2016
foo@gmail.com,Foo,Choong,foo_choong,choong123,male,32,,1991,5,5,5/5/1991
baclini@gmail.com,Baclini,Eugenie,baclini_eugenie,eugenie123,female,6,,2017,9,6,9/6/2017
harper@gmail.com,Harper,Henry,harper_henry1,henry123,male,48,,1975,9,12,9/12/1975
cor@gmail.com,Cor,Liudevit,cor_liudevit,liudevit123,male,19,,2004,4,23,4/23/2004
simonius-blumer@gmail.com,Simonius-Blumer,Oberst,simonius-blumer_oberst,oberst123,male,56,,1967,4,9,4/9/1967
willey@gmail.com,Willey,Edward,willey_edward,edward123,male,37,,1986,5,4,5/4/1986
stanley@gmail.com,Stanley,Amy,stanley_amy,amy123,female,23,,2000,2,18,2/18/2000
mitkoff@gmail.com,Mitkoff,Mito,mitkoff_mito,mito123,male,5,,2018,7,15,7/15/2018
doling@gmail.com,Doling,Elsie,doling_elsie,elsie123,female,18,,2005,4,21,4/21/2005
kalvik@gmail.com,Kalvik,Johannes,kalvik_johannes,johannes123,male,21,,2002,5,24,5/24/2002
o'leary@gmail.com,O'Leary,Hanora,o'leary_hanora,hanora123,female,34,,1989,1,23,1/23/1989
hegarty@gmail.com,Hegarty,Hanora,hegarty_hanora,hanora123,female,18,,2005,7,6,7/6/2005
hickman@gmail.com,Hickman,Leonard,hickman_leonard,leonard123,male,24,,1999,12,9,12/9/1999
radeff@gmail.com,Radeff,Alexander,radeff_alexander,alexander123,male,21,,2002,3,11,3/11/2002
bourke@gmail.com,Bourke,John,bourke_john1,john123,female,32,,1991,6,27,6/27/1991
eitemiller@gmail.com,Eitemiller,George,eitemiller_george,george123,male,23,,2000,4,4,4/4/2000
newell@gmail.com,Newell,Arthur,newell_arthur,arthur123,male,58,,1965,1,28,1/28/1965
frauenthal@gmail.com,Frauenthal,Henry,frauenthal_henry1,henry123,male,50,,1973,12,3,12/3/1973
badt@gmail.com,Badt,Mohamed,badt_mohamed,mohamed123,male,40,,1983,6,16,6/16/1983
colley@gmail.com,Colley,Edward,colley_edward,edward123,male,47,,1976,9,1,9/1/1976
coleff@gmail.com,Coleff,Peju,coleff_peju,peju123,male,36,,1987,7,18,7/18/1987
lindqvist@gmail.com,Lindqvist,Eino,lindqvist_eino,eino123,male,20,,2003,1,14,1/14/2003
hickman@gmail.com,Hickman,Lewis,hickman_lewis,lewis123,male,32,,1991,9,17,9/17/1991
butler@gmail.com,Butler,Reginald,butler_reginald,reginald123,male,25,,1998,10,23,10/23/1998
rommetvedt@gmail.com,Rommetvedt,Knud,rommetvedt_knud,knud123,male,16,,2007,2,16,2/16/2007
cook@gmail.com,Cook,Jacob,cook_jacob,jacob123,male,43,,1980,8,11,8/11/1980
taylor@gmail.com,Taylor,Elmer,taylor_elmer,elmer123,female,10,,2013,3,2,3/2/2013
brown@gmail.com,Brown,Thomas,brown_thomas,thomas123,female,40,,1983,9,3,9/3/1983
davidson@gmail.com,Davidson,Thornton,davidson_thornton,thornton123,male,31,,1992,12,23,12/23/1992
mitchell@gmail.com,Mitchell,Henry,mitchell_henry,henry123,male,70,,1953,6,28,6/28/1953
wilhelms@gmail.com,Wilhelms,Charles,wilhelms_charles,charles123,male,31,,1992,11,7,11/7/1992
watson@gmail.com,Watson,Ennis,watson_ennis,ennis123,male,36,,1987,8,24,8/24/1987
edvardsson@gmail.com,Edvardsson,Gustaf,edvardsson_gustaf,gustaf123,male,18,,2005,3,2,3/2/2005
sawyer@gmail.com,Sawyer,Frederick,sawyer_frederick,frederick123,male,25,,1998,10,24,10/24/1998
turja@gmail.com,Turja,Anna,turja_anna,anna123,female,18,,2005,2,14,2/14/2005
goodwin@gmail.com,Goodwin,Frederick,goodwin_frederick,frederick123,female,43,,1980,5,5,5/5/1980
cardeza@gmail.com,Cardeza,Thomas,cardeza_thomas,thomas123,male,36,,1987,11,9,11/9/1987
peters@gmail.com,Peters,Katie,peters_katie,katie123,female,19,,2004,5,3,5/3/2004
hassab@gmail.com,Hassab,Hammad,hassab_hammad,hammad123,male,27,,1996,3,20,3/20/1996
olsvigen@gmail.com,Olsvigen,Thor,olsvigen_thor,thor123,male,20,,2003,6,5,6/5/2003
goodwin@gmail.com,Goodwin,Charles,goodwin_charles,charles123,male,14,,2009,1,27,1/27/2009
brown@gmail.com,Brown,Thomas,brown_thomas1,thomas123,male,60,,1963,10,5,10/5/1963
laroche@gmail.com,Laroche,Joseph,laroche_joseph1,joseph123,male,25,,1998,8,18,8/18/1998
panula@gmail.com,Panula,Jaako,panula_jaako,jaako123,male,14,,2009,7,6,7/6/2009
dakic@gmail.com,Dakic,Branko,dakic_branko,branko123,male,19,,2004,5,3,5/3/2004
fischer@gmail.com,Fischer,Eberhard,fischer_eberhard,eberhard123,male,18,,2005,8,27,8/27/2005
madill@gmail.com,Madill,Georgette,madill_georgette,georgette123,female,15,,2008,9,1,9/1/2008
dick@gmail.com,Dick,Albert,dick_albert,albert123,male,31,,1992,8,25,8/25/1992
karun@gmail.com,Karun,Manca,karun_manca,manca123,female,9,,2014,10,14,10/14/2014
lam@gmail.com,Lam,Ali,lam_ali,ali123,male,38,,1985,12,22,12/22/1985
saad@gmail.com,Saad,Khalil,saad_khalil,khalil123,male,25,,1998,1,13,1/13/1998
weir@gmail.com,Weir,John,weir_john,john123,male,60,,1963,6,6,6/6/1963
chapman@gmail.com,Chapman,Charles,chapman_charles,charles123,male,52,,1971,6,22,6/22/1971
kelly@gmail.com,Kelly,James,kelly_james,james123,male,44,,1979,1,24,1/24/1979
mullens@gmail.com,Mullens,Katherine,mullens_katherine,katherine123,female,16,,2007,10,18,10/18/2007
thayer@gmail.com,Thayer,John,thayer_john1,john123,male,49,,1974,9,28,9/28/1974
humblen@gmail.com,Humblen,Adolf,humblen_adolf,adolf123,male,42,,1981,9,1,9/1/1981
astor@gmail.com,Astor,John,astor_john,john123,female,18,,2005,6,25,6/25/2005
silverthorne@gmail.com,Silverthorne,Spencer,silverthorne_spencer,spencer123,male,35,,1988,10,21,10/21/1988
barbara@gmail.com,Barbara,Saiide,barbara_saiide,saiide123,female,18,,2005,6,21,6/21/2005
gallagher@gmail.com,Gallagher,Martin,gallagher_martin,martin123,male,25,,1998,5,16,5/16/1998
hansen@gmail.com,Hansen,Henrik,hansen_henrik,henrik123,male,26,,1997,1,14,1/14/1997
morley@gmail.com,Morley,Henry,morley_henry,henry123,male,39,,1984,3,23,3/23/1984
kelly@gmail.com,Kelly,Florence,kelly_florence,florence123,female,45,,1978,1,11,1/11/1978
calderhead@gmail.com,Calderhead,Edward,calderhead_edward,edward123,male,42,,1981,4,3,4/3/1981
cleaver@gmail.com,Cleaver,Alice,cleaver_alice,alice123,female,22,,2001,7,14,7/14/2001
moubarek@gmail.com,Moubarek,Halim,moubarek_halim,halim123,male,18,,2005,6,16,6/16/2005
mayne@gmail.com,Mayne,Berthe,mayne_berthe,berthe123,female,24,,1999,4,12,4/12/1999
klaber@gmail.com,Klaber,Herman,klaber_herman,herman123,male,20,,2003,11,7,11/7/2003
taylor@gmail.com,Taylor,Elmer,taylor_elmer1,elmer123,male,48,,1975,10,25,10/25/1975
larsson@gmail.com,Larsson,August,larsson_august,august123,male,29,,1994,9,5,9/5/1994
greenberg@gmail.com,Greenberg,Samuel,greenberg_samuel,samuel123,male,52,,1971,3,16,3/16/1971
soholt@gmail.com,Soholt,Peter,soholt_peter,peter123,male,19,,2004,6,7,6/7/2004
endres@gmail.com,Endres,Caroline,endres_caroline,caroline123,female,38,,1985,12,27,12/27/1985
troutt@gmail.com,Troutt,Edwina,troutt_edwina,edwina123,female,27,,1996,6,22,6/22/1996
mcevoy@gmail.com,McEvoy,Michael,mcevoy_michael,michael123,male,31,,1992,2,18,2/18/1992
johnson@gmail.com,Johnson,Malkolm,johnson_malkolm,malkolm123,male,33,,1990,5,13,5/13/1990
harper@gmail.com,Harper,Annie,harper_annie,annie123,female,6,,2017,2,22,2/22/2017
jensen@gmail.com,Jensen,Svend,jensen_svend,svend123,male,17,,2006,2,21,2/21/2006
gillespie@gmail.com,Gillespie,William,gillespie_william,william123,male,34,,1989,9,14,9/14/1989
hodges@gmail.com,Hodges,Henry,hodges_henry,henry123,male,50,,1973,8,11,8/11/1973
chambers@gmail.com,Chambers,Norman,chambers_norman,norman123,male,27,,1996,7,25,7/25/1996
oreskovic@gmail.com,Oreskovic,Luka,oreskovic_luka,luka123,male,20,,2003,5,18,5/18/2003
renouf@gmail.com,Renouf,Peter,renouf_peter1,peter123,female,30,,1993,1,6,1/6/1993
mannion@gmail.com,Mannion,Margareth,mannion_margareth,margareth123,female,26,,1997,6,27,6/27/1997
bryhl@gmail.com,Bryhl,Kurt,bryhl_kurt,kurt123,male,25,,1998,11,11,11/11/1998
ilmakangas@gmail.com,Ilmakangas,Pieta,ilmakangas_pieta,pieta123,female,25,,1998,10,25,10/25/1998
allen@gmail.com,Allen,Elisabeth,allen_elisabeth,elisabeth123,female,29,,1994,1,6,1/6/1994
hassan@gmail.com,Hassan,Houssein,hassan_houssein,houssein123,male,11,,2012,1,16,1/16/2012
knight@gmail.com,Knight,Robert,knight_robert,robert123,male,39,,1984,7,6,7/6/1984
berriman@gmail.com,Berriman,William,berriman_william,william123,male,23,,2000,12,12,12/12/2000
troupiansky@gmail.com,Troupiansky,Moses,troupiansky_moses,moses123,male,23,,2000,11,20,11/20/2000
williams@gmail.com,Williams,Leslie,williams_leslie,leslie123,male,29,,1994,3,28,3/28/1994
ford@gmail.com,Ford,Edward,ford_edward,edward123,female,48,,1975,3,6,3/6/1975
lesurer@gmail.com,Lesurer,Gustave,lesurer_gustave,gustave123,male,35,,1988,7,18,7/18/1988
ivanoff@gmail.com,Ivanoff,Kanio,ivanoff_kanio,kanio123,male,18,,2005,3,3,3/3/2005
nankoff@gmail.com,Nankoff,Minko,nankoff_minko,minko123,male,26,,1997,10,4,10/4/1997
hawksford@gmail.com,Hawksford,Walter,hawksford_walter,walter123,male,27,,1996,3,11,3/11/1996
cavendish@gmail.com,Cavendish,Tyrell,cavendish_tyrell,tyrell123,male,36,,1987,10,19,10/19/1987
ryerson@gmail.com,Ryerson,Susan,ryerson_susan,susan123,female,21,,2002,1,17,1/17/2002
mcnamee@gmail.com,McNamee,Neal,mcnamee_neal,neal123,male,24,,1999,7,18,7/18/1999
stranden@gmail.com,Stranden,Juho,stranden_juho,juho123,male,31,,1992,2,1,2/1/1992
crosby@gmail.com,Crosby,Edward,crosby_edward,edward123,male,70,,1953,10,15,10/15/1953
abbott@gmail.com,Abbott,Rossmore,abbott_rossmore,rossmore123,male,16,,2007,5,3,5/3/2007
sinkkonen@gmail.com,Sinkkonen,Anna,sinkkonen_anna,anna123,female,30,,1993,10,9,10/9/1993
marvin@gmail.com,Marvin,Daniel,marvin_daniel,daniel123,male,19,,2004,4,26,4/26/2004
connaghton@gmail.com,Connaghton,Michael,connaghton_michael,michael123,male,31,,1992,5,8,5/8/1992
wells@gmail.com,Wells,Joan,wells_joan,joan123,female,9,,2014,12,16,12/16/2014
moor@gmail.com,Moor,Meier,moor_meier,meier123,male,6,,2017,11,7,11/7/2017
vande velde@gmail.com,Vande Velde,Johannes,vande velde_johannes,johannes123,male,33,,1990,11,9,11/9/1990
jonkoff@gmail.com,Jonkoff,Lalio,jonkoff_lalio,lalio123,male,23,,2000,4,21,4/21/2000
herman@gmail.com,Herman,Samuel,herman_samuel,samuel123,female,48,,1975,4,7,4/7/1975
hamalainen@gmail.com,Hamalainen,Viljo,hamalainen_viljo,viljo123,male,6,,2017,12,6,12/6/2017
carlsson@gmail.com,Carlsson,August,carlsson_august,august123,male,28,,1995,6,10,6/10/1995
bailey@gmail.com,Bailey,Percy,bailey_percy,percy123,male,18,,2005,4,25,4/25/2005
theobald@gmail.com,Theobald,Thomas,theobald_thomas,thomas123,male,34,,1989,3,8,3/8/1989
rothes@gmail.com,Rothes,of,rothes_of,of123,female,33,,1990,1,15,1/15/1990
garfirth@gmail.com,Garfirth,John,garfirth_john,john123,male,30,,1993,9,1,9/1/1993
nirva@gmail.com,Nirva,Iisakki,nirva_iisakki,iisakki123,male,41,,1982,10,1,10/1/1982
barah@gmail.com,Barah,Hanna,barah_hanna,hanna123,male,20,,2003,7,21,7/21/2003
carter@gmail.com,Carter,William,carter_william2,william123,female,36,,1987,12,20,12/20/1987
eklund@gmail.com,Eklund,Hans,eklund_hans,hans123,male,16,,2007,6,19,6/19/2007
hogeboom@gmail.com,Hogeboom,John,hogeboom_john,john123,female,51,,1972,6,26,6/26/1972
brewe@gmail.com,Brewe,Arthur,brewe_arthur,arthur123,male,13,,2010,3,2,3/2/2010
mangan@gmail.com,Mangan,Mary,mangan_mary,mary123,female,31,,1992,3,13,3/13/1992
moran@gmail.com,Moran,Daniel,moran_daniel,daniel123,male,21,,2002,7,21,7/21/2002
gronnestad@gmail.com,Gronnestad,Daniel,gronnestad_daniel,daniel123,male,32,,1991,4,1,4/1/1991
lievens@gmail.com,Lievens,Rene,lievens_rene,rene123,male,24,,1999,3,23,3/23/1999
jensen@gmail.com,Jensen,Niels,jensen_niels,niels123,male,48,,1975,5,3,5/3/1975
mack@gmail.com,Mack,Mary,mack_mary,mary123,female,57,,1966,8,28,8/28/1966
elias@gmail.com,Elias,Dibo,elias_dibo,dibo123,male,17,,2006,5,15,5/15/2006
hocking@gmail.com,Hocking,Elizabeth,hocking_elizabeth,elizabeth123,female,54,,1969,9,6,9/6/1969
myhrman@gmail.com,Myhrman,Pehr,myhrman_pehr,pehr123,male,18,,2005,11,11,11/11/2005
tobin@gmail.com,Tobin,Roger,tobin_roger,roger123,male,7,,2016,12,23,12/23/2016
emanuel@gmail.com,Emanuel,Virginia,emanuel_virginia,virginia123,female,5,,2018,2,3,2/3/2018
kilgannon@gmail.com,Kilgannon,Thomas,kilgannon_thomas,thomas123,male,15,,2008,2,12,2/12/2008
robert@gmail.com,Robert,Edward,robert_edward,edward123,female,43,,1980,4,20,4/20/1980
ayoub@gmail.com,Ayoub,Banoura,ayoub_banoura,banoura123,female,13,,2010,9,11,9/11/2010
dick@gmail.com,Dick,Albert,dick_albert1,albert123,female,17,,2006,5,3,5/3/2006
long@gmail.com,Long,Milton,long_milton,milton123,male,29,,1994,1,22,1/22/1994
johnston@gmail.com,Johnston,Andrew,johnston_andrew,andrew123,male,31,,1992,6,2,6/2/1992
ali@gmail.com,Ali,William,ali_william,william123,male,25,,1998,4,11,4/11/1998
harmer@gmail.com,Harmer,Abraham,harmer_abraham,abraham123,male,25,,1998,1,5,1/5/1998
sjoblom@gmail.com,Sjoblom,Anna,sjoblom_anna,anna123,female,18,,2005,3,10,3/10/2005
rice@gmail.com,Rice,George,rice_george,george123,male,8,,2015,8,26,8/26/2015
dean@gmail.com,Dean,Bertram,dean_bertram1,bertram123,male,6,,2017,11,12,11/12/2017
guggenheim@gmail.com,Guggenheim,Benjamin,guggenheim_benjamin,benjamin123,male,46,,1977,10,13,10/13/1977
keane@gmail.com,Keane,Andrew,keane_andrew,andrew123,male,33,,1990,1,6,1/6/1990
gaskell@gmail.com,Gaskell,Alfred,gaskell_alfred,alfred123,male,16,,2007,2,25,2/25/2007
sage@gmail.com,Sage,Stella,sage_stella,stella123,female,7,,2016,4,13,4/13/2016
hoyt@gmail.com,Hoyt,William,hoyt_william,william123,male,33,,1990,10,10,10/10/1990
dantcheff@gmail.com,Dantcheff,Ristiu,dantcheff_ristiu,ristiu123,male,25,,1998,12,26,12/26/1998
otter@gmail.com,Otter,Richard,otter_richard,richard123,male,39,,1984,9,3,9/3/1984
leader@gmail.com,Leader,Alice,leader_alice,alice123,female,49,,1974,12,14,12/14/1974
osman@gmail.com,Osman,Mara,osman_mara,mara123,female,31,,1992,3,8,3/8/1992
ibrahim shawah@gmail.com,Ibrahim Shawah,Mr,ibrahim shawah_mr,mr123,male,30,,1993,10,10,10/10/1993
van impe@gmail.com,Van Impe,Jean,van impe_jean1,jean123,female,30,,1993,6,12,6/12/1993
ponesell@gmail.com,Ponesell,Martin,ponesell_martin,martin123,male,34,,1989,4,22,4/22/1989
collyer@gmail.com,Collyer,Harvey,collyer_harvey1,harvey123,female,31,,1992,2,7,2/7/1992
carter@gmail.com,Carter,William,carter_william1,william123,male,11,,2012,7,8,7/8/2012
thomas@gmail.com,Thomas,Assad,thomas_assad,assad123,male,5,,2018,8,22,8/22/2018
hedman@gmail.com,Hedman,Oskar,hedman_oskar,oskar123,male,27,,1996,11,4,11/4/1996
johansson@gmail.com,Johansson,Karl,johansson_karl,karl123,male,31,,1992,4,4,4/4/1992
andrews@gmail.com,Andrews,Thomas,andrews_thomas,thomas123,male,39,,1984,1,23,1/23/1984
pettersson@gmail.com,Pettersson,Ellen,pettersson_ellen,ellen123,female,18,,2005,6,18,6/18/2005
meyer@gmail.com,Meyer,August,meyer_august,august123,male,39,,1984,7,1,7/1/1984
chambers@gmail.com,Chambers,Norman,chambers_norman1,norman123,female,33,,1990,1,15,1/15/1990
alexander@gmail.com,Alexander,William,alexander_william,william123,male,26,,1997,9,25,9/25/1997
lester@gmail.com,Lester,James,lester_james,james123,male,39,,1984,5,7,5/7/1984
slemen@gmail.com,Slemen,Richard,slemen_richard,richard123,male,35,,1988,8,14,8/14/1988
andersson@gmail.com,Andersson,Ebba,andersson_ebba,ebba123,female,6,,2017,10,1,10/1/2017
tomlin@gmail.com,Tomlin,Ernest,tomlin_ernest,ernest123,male,31,,1992,1,14,1/14/1992
fry@gmail.com,Fry,Richard,fry_richard,richard123,male,8,,2015,7,21,7/21/2015
heininen@gmail.com,Heininen,Wendla,heininen_wendla,wendla123,female,23,,2000,8,9,8/9/2000
mallet@gmail.com,Mallet,Albert,mallet_albert,albert123,male,31,,1992,5,9,5/9/1992
holm@gmail.com,Holm,John,holm_john,john123,male,43,,1980,7,27,7/27/1980
skoog@gmail.com,Skoog,Karl,skoog_karl,karl123,male,10,,2013,9,26,9/26/2013
hays@gmail.com,Hays,Charles,hays_charles,charles123,female,52,,1971,5,21,5/21/1971
lulic@gmail.com,Lulic,Nikola,lulic_nikola,nikola123,male,27,,1996,9,8,9/8/1996
reuchlin@gmail.com,Reuchlin,John,reuchlin_john,john123,male,38,,1985,4,24,4/24/1985
moor@gmail.com,Moor,Beila,moor_beila,beila123,female,27,,1996,10,11,10/11/1996
panula@gmail.com,Panula,Urho,panula_urho,urho123,male,7,,2016,4,6,4/6/2016
flynn@gmail.com,Flynn,John,flynn_john1,john123,male,26,,1997,4,28,4/28/1997
lam@gmail.com,Lam,Len,lam_len,len123,male,35,,1988,3,3,3/3/1988
mallet@gmail.com,Mallet,Andre,mallet_andre,andre123,male,6,,2017,2,7,2/7/2017
mccormack@gmail.com,McCormack,Thomas,mccormack_thomas,thomas123,male,9,,2014,11,4,11/4/2014
stone@gmail.com,Stone,George,stone_george,george123,female,62,,1961,11,18,11/18/1961
yasbeck@gmail.com,Yasbeck,Antoni,yasbeck_antoni1,antoni123,female,15,,2008,4,11,4/11/2008
richards@gmail.com,Richards,George,richards_george,george123,male,6,,2017,12,23,12/23/2017
saad@gmail.com,Saad,Amin,saad_amin,amin123,male,28,,1995,4,23,4/23/1995
augustsson@gmail.com,Augustsson,Albert,augustsson_albert,albert123,male,23,,2000,10,26,10/26/2000
allum@gmail.com,Allum,Owen,allum_owen,owen123,male,18,,2005,8,10,8/10/2005
compton@gmail.com,Compton,Sara,compton_sara,sara123,female,39,,1984,9,13,9/13/1984
pasic@gmail.com,Pasic,Jakob,pasic_jakob,jakob123,male,21,,2002,12,5,12/5/2002
sirota@gmail.com,Sirota,Maurice,sirota_maurice,maurice123,male,16,,2007,7,2,7/2/2007
chip@gmail.com,Chip,Chang,chip_chang,chang123,male,32,,1991,2,17,2/17/1991
marechal@gmail.com,Marechal,Pierre,marechal_pierre,pierre123,male,39,,1984,12,4,12/4/1984
alhomaki@gmail.com,Alhomaki,Ilmari,alhomaki_ilmari,ilmari123,male,20,,2003,3,14,3/14/2003
mudd@gmail.com,Mudd,Thomas,mudd_thomas,thomas123,male,16,,2007,5,18,5/18/2007
serepeca@gmail.com,Serepeca,Augusta,serepeca_augusta,augusta123,female,30,,1993,10,11,10/11/1993
lemberopolous@gmail.com,Lemberopolous,Peter,lemberopolous_peter,peter123,male,35,,1988,6,27,6/27/1988
culumovic@gmail.com,Culumovic,Jeso,culumovic_jeso,jeso123,male,17,,2006,2,11,2/11/2006
abbing@gmail.com,Abbing,Anthony,abbing_anthony,anthony123,male,42,,1981,6,18,6/18/1981
sage@gmail.com,Sage,Douglas,sage_douglas,douglas123,male,34,,1989,12,19,12/19/1989
markoff@gmail.com,Markoff,Marin,markoff_marin,marin123,male,35,,1988,6,9,6/9/1988
harper@gmail.com,Harper,John,harper_john,john123,male,28,,1995,3,17,3/17/1995
goldenberg@gmail.com,Goldenberg,Samuel,goldenberg_samuel1,samuel123,female,16,,2007,10,2,10/2/2007
andersson@gmail.com,Andersson,Sigvard,andersson_sigvard,sigvard123,male,9,,2014,5,1,5/1/2014
svensson@gmail.com,Svensson,Johan,svensson_johan,johan123,male,74,,1949,6,22,6/22/1949
boulos@gmail.com,Boulos,Nourelain,boulos_nourelain,nourelain123,female,9,,2014,11,22,11/22/2014
lines@gmail.com,Lines,Mary,lines_mary,mary123,female,16,,2007,6,7,6/7/2007
carter@gmail.com,Carter,Ernest,carter_ernest1,ernest123,female,44,,1979,6,24,6/24/1979
aks@gmail.com,Aks,Sam,aks_sam,sam123,female,18,,2005,10,24,10/24/2005
wick@gmail.com,Wick,George,wick_george,george123,female,45,,1978,7,21,7/21/1978
daly@gmail.com,Daly,Peter,daly_peter,peter123,male,51,,1972,1,3,1/3/1972
baclini@gmail.com,Baclini,Solomon,baclini_solomon,solomon123,female,24,,1999,3,7,3/7/1999
razi@gmail.com,Razi,Raihed,razi_raihed,raihed123,male,35,,1988,2,8,2/8/1988
hansen@gmail.com,Hansen,Claus,hansen_claus,claus123,male,41,,1982,2,21,2/21/1982
giles@gmail.com,Giles,Frederick,giles_frederick,frederick123,male,21,,2002,9,28,9/28/2002
swift@gmail.com,Swift,Frederick,swift_frederick,frederick123,female,48,,1975,8,20,8/20/1975
sage@gmail.com,Sage,Dorothy,sage_dorothy,dorothy123,female,40,,1983,10,10,10/10/1983
gill@gmail.com,Gill,John,gill_john,john123,male,24,,1999,2,4,2/4/1999
bystrom@gmail.com,Bystrom,Karolina,bystrom_karolina,karolina123,female,42,,1981,6,5,6/5/1981
duran y more@gmail.com,Duran y More,Miss,duran y more_miss,miss123,female,27,,1996,12,19,12/19/1996
roebling@gmail.com,Roebling,Washington,roebling_washington,washington123,male,31,,1992,11,4,11/4/1992
van melkebeke@gmail.com,van Melkebeke,Mr,van melkebeke_mr,mr123,male,27,,1996,12,28,12/28/1996
johnson@gmail.com,Johnson,Harold,johnson_harold,harold123,male,9,,2014,11,24,11/24/2014
balkic@gmail.com,Balkic,Cerin,balkic_cerin,cerin123,male,26,,1997,11,20,11/20/1997
beckwith@gmail.com,Beckwith,Richard,beckwith_richard1,richard123,female,47,,1976,7,14,7/14/1976
carlsson@gmail.com,Carlsson,Frans,carlsson_frans,frans123,male,33,,1990,9,17,9/17/1990
vander cruyssen@gmail.com,Vander Cruyssen,Mr,vander cruyssen_mr,mr123,male,47,,1976,4,14,4/14/1976
abelson@gmail.com,Abelson,Samuel,abelson_samuel1,samuel123,female,28,,1995,10,27,10/27/1995
najib@gmail.com,Najib,Adele,najib_adele,adele123,female,15,,2008,1,8,1/8/2008
gustafsson@gmail.com,Gustafsson,Alfred,gustafsson_alfred,alfred123,male,20,,2003,4,3,4/3/2003
petroff@gmail.com,Petroff,Nedelio,petroff_nedelio,nedelio123,male,19,,2004,4,9,4/9/2004
laleff@gmail.com,Laleff,Kristo,laleff_kristo,kristo123,male,23,,2000,7,20,7/20/2000
potter@gmail.com,Potter,Thomas,potter_thomas,thomas123,female,56,,1967,4,16,4/16/1967
shelley@gmail.com,Shelley,William,shelley_william,william123,female,25,,1998,5,2,5/2/1998
markun@gmail.com,Markun,Johann,markun_johann,johann123,male,33,,1990,12,27,12/27/1990
dahlberg@gmail.com,Dahlberg,Gerda,dahlberg_gerda,gerda123,female,22,,2001,12,6,12/6/2001
banfield@gmail.com,Banfield,Frederick,banfield_frederick,frederick123,male,28,,1995,9,17,9/17/1995
sutehall@gmail.com,Sutehall,Henry,sutehall_henry,henry123,male,25,,1998,3,4,3/4/1998
rice@gmail.com,Rice,William,rice_william,william123,female,39,,1984,4,20,4/20/1984
montvila@gmail.com,Montvila,Juozas,montvila_juozas,juozas123,male,27,,1996,4,15,4/15/1996
graham@gmail.com,Graham,Margaret,graham_margaret,margaret123,female,19,,2004,12,19,12/19/2004
johnston@gmail.com,Johnston,Catherine,johnston_catherine,catherine123,female,14,,2009,2,5,2/5/2009
behr@gmail.com,Behr,Karl,behr_karl,karl123,male,26,,1997,9,27,9/27/1997
dooley@gmail.com,Dooley,Patrick,dooley_patrick,patrick123,male,32,,1991,11,17,11/17/1991
